episode,passage_width,body_margin,d_hat,d_std,d_err,ci_lo,ci_hi,calib_attempted,rolling_sr_oracle,rolling_sr_fixed,rolling_sr_calib
0,0.4723,0.0561,0.5597,0.0795,0.1997,0.4291,0.6915,0,1.0,0.0,0.0
1,0.5988,0.1194,0.5597,0.0795,0.1997,0.4291,0.6915,0,1.0,0.5,0.0
2,0.8721,0.256,0.5596,0.0794,0.1996,0.4291,0.6915,1,1.0,0.6667,0.3333
3,0.578,0.109,0.5126,0.059,0.1526,0.408,0.601,1,1.0,0.75,0.5
4,0.4772,0.0586,0.5126,0.059,0.1526,0.408,0.601,0,1.0,0.6,0.4
5,0.7657,0.2029,0.5125,0.059,0.1525,0.408,0.601,1,1.0,0.6667,0.5
6,0.7375,0.1888,0.5124,0.0589,0.1524,0.408,0.601,1,1.0,0.7143,0.5714
7,0.8364,0.2382,0.5124,0.0589,0.1524,0.408,0.601,1,1.0,0.75,0.625
8,0.7506,0.1953,0.5123,0.0588,0.1523,0.408,0.601,1,1.0,0.7778,0.6667
9,0.5355,0.0878,0.4839,0.0513,0.1239,0.393,0.5588,1,1.0,0.7,0.7
10,0.5602,0.1001,0.4763,0.0488,0.1163,0.3869,0.5467,1,1.0,0.7273,0.7273
11,0.7133,0.1767,0.4763,0.0488,0.1163,0.3869,0.5467,1,1.0,0.75,0.75
12,0.7058,0.1729,0.4763,0.0488,0.1163,0.3869,0.5467,1,1.0,0.7692,0.7692
13,0.6186,0.1293,0.4755,0.0485,0.1155,0.3869,0.5437,1,1.0,0.7857,0.7857
14,0.6747,0.1573,0.4754,0.0485,0.1154,0.3869,0.5437,1,1.0,0.8,0.8
15,0.6382,0.1391,0.4751,0.0484,0.1151,0.3869,0.5437,1,1.0,0.8125,0.8125
16,0.488,0.064,0.4751,0.0484,0.1151,0.3869,0.5437,0,1.0,0.7647,0.7647
17,0.5894,0.1147,0.4732,0.0478,0.1132,0.3869,0.5407,1,1.0,0.7778,0.7778
18,0.4598,0.0499,0.4732,0.0478,0.1132,0.3869,0.5407,0,1.0,0.7368,0.7368
19,0.6016,0.1208,0.4721,0.0474,0.1121,0.3839,0.5407,1,1.0,0.75,0.75
20,0.8313,0.2356,0.4721,0.0474,0.1121,0.3839,0.5407,1,1.0,0.7619,0.7619
21,0.7274,0.1837,0.4721,0.0474,0.1121,0.3839,0.5377,1,1.0,0.7727,0.7727
22,0.5888,0.1144,0.4705,0.047,0.1105,0.3839,0.5377,1,1.0,0.7826,0.7826
23,0.752,0.196,0.4705,0.047,0.1105,0.3839,0.5377,1,1.0,0.7917,0.7917
24,0.7093,0.1746,0.4705,0.047,0.1105,0.3839,0.5377,1,1.0,0.8,0.8
25,0.8502,0.2451,0.4705,0.047,0.1105,0.3839,0.5377,1,1.0,0.8077,0.8077
26,0.4493,0.0447,0.4705,0.047,0.1105,0.3839,0.5377,0,1.0,0.7778,0.7778
27,0.7463,0.1932,0.4705,0.047,0.1105,0.3839,0.5377,1,1.0,0.7857,0.7857
28,0.5354,0.0877,0.4629,0.0455,0.1029,0.3779,0.5256,1,1.0,0.7586,0.7931
29,0.6944,0.1672,0.4629,0.0455,0.1029,0.3779,0.5256,1,1.0,0.7667,0.8
30,0.8929,0.2665,0.4629,0.0455,0.1029,0.3779,0.5256,1,1.0,0.7742,0.8065
31,0.8753,0.2576,0.4629,0.0455,0.1029,0.3779,0.5256,1,1.0,0.7812,0.8125
32,0.5437,0.0918,0.4584,0.0446,0.0984,0.3749,0.5196,1,1.0,0.7576,0.8182
33,0.6344,0.1372,0.4583,0.0445,0.0983,0.3749,0.5196,1,1.0,0.7647,0.8235
34,0.7398,0.1899,0.4583,0.0445,0.0983,0.3749,0.5196,1,1.0,0.7714,0.8286
35,0.701,0.1705,0.4583,0.0445,0.0983,0.3749,0.5196,1,1.0,0.7778,0.8333
36,0.3824,0.0112,0.4583,0.0445,0.0983,0.3749,0.5196,0,1.0,0.7568,0.8108
37,0.6127,0.1263,0.458,0.0445,0.098,0.3749,0.5196,1,1.0,0.7632,0.8158
38,0.7337,0.1869,0.458,0.0445,0.098,0.3749,0.5196,1,1.0,0.7692,0.8205
39,0.4188,0.0294,0.458,0.0445,0.098,0.3749,0.5196,0,0.975,0.75,0.8
40,0.7836,0.2118,0.458,0.0445,0.098,0.3749,0.5196,1,0.9756,0.7561,0.8049
41,0.8005,0.2203,0.458,0.0445,0.098,0.3749,0.5196,1,0.9762,0.7619,0.8095
42,0.7646,0.2023,0.458,0.0445,0.098,0.3749,0.5196,1,0.9767,0.7674,0.814
43,0.4445,0.0422,0.426,0.043,0.066,0.3508,0.4894,1,0.9773,0.75,0.8182
44,0.4161,0.028,0.426,0.043,0.066,0.3508,0.4894,0,0.9778,0.7333,0.8
45,0.5319,0.0859,0.4241,0.0423,0.0641,0.3477,0.4864,1,0.9783,0.7174,0.8043
46,0.5914,0.1157,0.4239,0.0422,0.0639,0.3477,0.4864,1,0.9787,0.7234,0.8085
47,0.6789,0.1595,0.4239,0.0422,0.0639,0.3477,0.4864,1,0.9792,0.7292,0.8125
48,0.4869,0.0635,0.4172,0.0406,0.0572,0.3447,0.4774,1,0.9796,0.7143,0.8163
49,0.8411,0.2406,0.4172,0.0406,0.0572,0.3447,0.4774,1,0.98,0.72,0.82
50,0.484,0.062,0.4119,0.0393,0.0519,0.3417,0.4683,1,0.98,0.72,0.84
51,0.7667,0.2034,0.4119,0.0393,0.0519,0.3417,0.4683,1,0.98,0.72,0.86
52,0.5988,0.1194,0.4119,0.0393,0.0519,0.3417,0.4683,1,0.98,0.72,0.86
53,0.386,0.013,0.3805,0.0387,0.0205,0.3116,0.4382,1,0.98,0.7,0.86
54,0.4013,0.0206,0.3659,0.0361,0.0059,0.3025,0.4201,1,0.98,0.7,0.88
55,0.7659,0.2029,0.3659,0.0361,0.0059,0.3025,0.4201,1,0.98,0.7,0.88
56,0.6895,0.1647,0.3659,0.0361,0.0059,0.3025,0.4201,1,0.98,0.7,0.88
57,0.8054,0.2227,0.3659,0.0361,0.0059,0.3025,0.4201,1,0.98,0.7,0.88
58,0.6837,0.1619,0.3659,0.0361,0.0059,0.3025,0.4201,1,0.98,0.7,0.88
59,0.6088,0.1244,0.3659,0.0361,0.0059,0.3025,0.4201,1,0.98,0.72,0.88
60,0.6644,0.1522,0.3659,0.0361,0.0059,0.3025,0.4201,1,0.98,0.72,0.88
61,0.669,0.1545,0.3659,0.0361,0.0059,0.3025,0.4201,1,0.98,0.72,0.88
62,0.6214,0.1307,0.3659,0.0361,0.0059,0.3025,0.4201,1,0.98,0.72,0.88
63,0.5231,0.0815,0.3657,0.036,0.0057,0.3025,0.4201,1,0.98,0.7,0.88
64,0.4781,0.0591,0.3648,0.0357,0.0048,0.3025,0.4171,1,0.98,0.68,0.88
65,0.4693,0.0547,0.3636,0.0353,0.0036,0.2995,0.4171,1,0.98,0.66,0.88
66,0.6695,0.1548,0.3636,0.0353,0.0036,0.2995,0.4171,1,0.98,0.68,0.9
67,0.8283,0.2342,0.3636,0.0353,0.0036,0.2995,0.4171,1,0.98,0.68,0.9
68,0.8139,0.2269,0.3636,0.0353,0.0036,0.2995,0.4171,1,0.98,0.7,0.92
69,0.7872,0.2136,0.3636,0.0353,0.0036,0.2995,0.4171,1,0.98,0.7,0.92
70,0.8889,0.2645,0.3636,0.0353,0.0036,0.2995,0.4171,1,0.98,0.7,0.92
71,0.4831,0.0616,0.3629,0.0351,0.0029,0.2995,0.4141,1,0.98,0.68,0.92
72,0.4345,0.0372,0.3596,0.0343,0.0004,0.2965,0.4111,1,0.98,0.66,0.92
73,0.5957,0.1178,0.3596,0.0343,0.0004,0.2965,0.4111,1,0.98,0.66,0.92
74,0.5003,0.0701,0.3593,0.0343,0.0007,0.2965,0.408,1,0.98,0.64,0.92
75,0.556,0.098,0.3593,0.0343,0.0007,0.2965,0.408,1,0.98,0.62,0.92
76,0.8702,0.2551,0.3593,0.0343,0.0007,0.2965,0.408,1,0.98,0.64,0.94
77,0.3661,0.003,0.3593,0.0343,0.0007,0.2965,0.408,0,0.96,0.62,0.92
78,0.8926,0.2663,0.3593,0.0343,0.0007,0.2965,0.408,1,0.96,0.64,0.92
79,0.6746,0.1573,0.3593,0.0343,0.0007,0.2965,0.408,1,0.96,0.64,0.92
80,0.5407,0.0904,0.3593,0.0343,0.0007,0.2965,0.408,1,0.96,0.62,0.92
81,0.4595,0.0497,0.3581,0.034,0.0019,0.2965,0.408,1,0.96,0.6,0.92
82,0.7739,0.207,0.3581,0.034,0.0019,0.2965,0.408,1,0.96,0.62,0.92
83,0.7894,0.2147,0.3581,0.034,0.0019,0.2965,0.408,1,0.96,0.62,0.92
84,0.786,0.213,0.3581,0.034,0.0019,0.2965,0.408,1,0.96,0.62,0.92
85,0.7366,0.1883,0.3581,0.034,0.0019,0.2965,0.408,1,0.96,0.62,0.92
86,0.3964,0.0182,0.3504,0.033,0.0096,0.2905,0.399,1,0.96,0.62,0.94
87,0.7929,0.2164,0.3504,0.033,0.0096,0.2905,0.399,1,0.96,0.62,0.94
88,0.6709,0.1554,0.3504,0.033,0.0096,0.2905,0.399,1,0.96,0.62,0.94
89,0.6899,0.1649,0.3504,0.033,0.0096,0.2905,0.399,1,0.98,0.64,0.96
90,0.7612,0.2006,0.3504,0.033,0.0096,0.2905,0.399,1,0.98,0.64,0.96
91,0.3697,0.0049,0.3504,0.033,0.0096,0.2905,0.399,0,0.96,0.62,0.94
92,0.7721,0.2061,0.3504,0.033,0.0096,0.2905,0.399,1,0.96,0.62,0.94
93,0.7005,0.1703,0.3504,0.033,0.0096,0.2905,0.399,1,0.96,0.64,0.94
94,0.6475,0.1438,0.3504,0.033,0.0096,0.2905,0.399,1,0.96,0.66,0.96
95,0.6142,0.1271,0.3504,0.033,0.0096,0.2905,0.399,1,0.96,0.68,0.96
96,0.732,0.186,0.3504,0.033,0.0096,0.2905,0.399,1,0.96,0.68,0.96
97,0.5432,0.0916,0.3504,0.033,0.0096,0.2905,0.399,1,0.96,0.66,0.96
98,0.657,0.1485,0.3504,0.033,0.0096,0.2905,0.399,1,0.96,0.68,0.96
99,0.7145,0.1772,0.3504,0.033,0.0096,0.2905,0.399,1,0.96,0.68,0.96
100,0.763,0.2015,0.3504,0.033,0.0096,0.2905,0.399,1,0.96,0.7,0.96
101,0.8857,0.2628,0.3504,0.033,0.0096,0.2905,0.399,1,0.96,0.7,0.96
102,0.723,0.1815,0.3504,0.033,0.0096,0.2905,0.399,1,0.96,0.7,0.96
103,0.5993,0.1197,0.3504,0.033,0.0096,0.2905,0.399,1,0.96,0.72,0.96
104,0.6684,0.1542,0.3504,0.033,0.0096,0.2905,0.399,1,0.96,0.74,0.96
105,0.5079,0.0739,0.3503,0.033,0.0097,0.2905,0.399,1,0.96,0.72,0.96
106,0.5667,0.1033,0.3503,0.033,0.0097,0.2905,0.399,1,0.96,0.72,0.96
107,0.7783,0.2092,0.3503,0.033,0.0097,0.2905,0.399,1,0.96,0.72,0.96
108,0.3928,0.0164,0.3438,0.0322,0.0162,0.2844,0.3899,1,0.96,0.7,0.96
109,0.6118,0.1259,0.3438,0.0322,0.0162,0.2844,0.3899,1,0.96,0.7,0.96
110,0.8687,0.2543,0.3438,0.0322,0.0162,0.2844,0.3899,1,0.96,0.7,0.96
111,0.7667,0.2034,0.3438,0.0322,0.0162,0.2844,0.3899,1,0.96,0.7,0.96
112,0.3864,0.0132,0.3377,0.0315,0.0223,0.2814,0.3839,1,0.96,0.68,0.96
113,0.5728,0.1064,0.3377,0.0315,0.0223,0.2814,0.3839,1,0.96,0.7,0.96
114,0.6067,0.1233,0.3377,0.0315,0.0223,0.2814,0.3839,1,0.96,0.72,0.96
115,0.6171,0.1286,0.3377,0.0315,0.0223,0.2814,0.3839,1,0.96,0.74,0.96
116,0.4421,0.041,0.337,0.0314,0.023,0.2784,0.3809,1,0.96,0.72,0.96
117,0.7636,0.2018,0.337,0.0314,0.023,0.2784,0.3809,1,0.96,0.72,0.96
118,0.4063,0.0232,0.3344,0.031,0.0256,0.2784,0.3779,1,0.96,0.7,0.96
119,0.834,0.237,0.3344,0.031,0.0256,0.2784,0.3779,1,0.96,0.7,0.96
120,0.8498,0.2449,0.3344,0.031,0.0256,0.2784,0.3779,1,0.96,0.7,0.96
121,0.5963,0.1182,0.3344,0.031,0.0256,0.2784,0.3779,1,0.96,0.72,0.96
122,0.3936,0.0168,0.3578,0.0223,0.0022,0.3176,0.3899,1,0.94,0.72,0.94
123,0.6328,0.1364,0.3578,0.0223,0.0022,0.3176,0.3899,1,0.94,0.72,0.94
124,0.8851,0.2626,0.3578,0.0223,0.0022,0.3176,0.3899,1,0.94,0.74,0.94
125,0.7647,0.2023,0.3578,0.0223,0.0022,0.3176,0.3899,1,0.94,0.76,0.94
126,0.4861,0.0631,0.3742,0.0188,0.0142,0.3417,0.402,1,0.92,0.74,0.92
127,0.601,0.1205,0.3742,0.0188,0.0142,0.3417,0.402,1,0.94,0.76,0.94
128,0.8606,0.2503,0.3742,0.0188,0.0142,0.3417,0.402,1,0.94,0.76,0.94
129,0.3644,0.0022,0.3742,0.0188,0.0142,0.3417,0.402,0,0.92,0.74,0.92
130,0.6828,0.1614,0.3742,0.0188,0.0142,0.3417,0.402,1,0.92,0.76,0.92
131,0.7369,0.1885,0.3742,0.0188,0.0142,0.3417,0.402,1,0.92,0.78,0.92
132,0.4601,0.0501,0.3737,0.0187,0.0137,0.3417,0.402,1,0.92,0.76,0.92
133,0.68,0.16,0.3737,0.0187,0.0137,0.3417,0.402,1,0.92,0.76,0.92
134,0.5948,0.1174,0.3737,0.0187,0.0137,0.3417,0.402,1,0.92,0.76,0.92
135,0.5267,0.0833,0.3737,0.0187,0.0137,0.3417,0.402,1,0.92,0.74,0.92
136,0.4495,0.0447,0.373,0.0185,0.013,0.3417,0.402,1,0.92,0.74,0.92
137,0.4745,0.0573,0.3727,0.0185,0.0127,0.3417,0.402,1,0.92,0.72,0.92
138,0.7251,0.1825,0.3727,0.0185,0.0127,0.3417,0.402,1,0.92,0.72,0.92
139,0.8774,0.2587,0.3727,0.0185,0.0127,0.3417,0.402,1,0.92,0.72,0.92
140,0.4279,0.034,0.3833,0.0164,0.0233,0.3538,0.408,1,0.9,0.7,0.9
141,0.5782,0.1091,0.3832,0.0164,0.0232,0.3538,0.408,1,0.92,0.72,0.92
142,0.4484,0.0442,0.3825,0.0163,0.0225,0.3538,0.408,1,0.92,0.7,0.92
143,0.6814,0.1607,0.3825,0.0163,0.0225,0.3538,0.408,1,0.92,0.7,0.92
144,0.5703,0.1052,0.3825,0.0163,0.0225,0.3538,0.408,1,0.92,0.7,0.92
145,0.3779,0.0089,0.3825,0.0163,0.0225,0.3538,0.408,0,0.92,0.68,0.9
146,0.8104,0.2252,0.3825,0.0163,0.0225,0.3538,0.408,1,0.92,0.68,0.9
147,0.8597,0.2499,0.3825,0.0163,0.0225,0.3538,0.408,1,0.92,0.7,0.9
148,0.6215,0.1308,0.3825,0.0163,0.0225,0.3538,0.408,1,0.92,0.7,0.9
149,0.5676,0.1038,0.3824,0.0163,0.0224,0.3538,0.408,1,0.92,0.7,0.9
150,0.6741,0.157,0.3824,0.0163,0.0224,0.3538,0.408,1,0.92,0.7,0.9
151,0.4633,0.0516,0.382,0.0162,0.022,0.3538,0.408,1,0.92,0.68,0.9
152,0.4161,0.0281,0.3799,0.016,0.0199,0.3538,0.405,1,0.92,0.66,0.9
153,0.6284,0.1342,0.3799,0.016,0.0199,0.3538,0.405,1,0.92,0.66,0.9
154,0.6383,0.1391,0.3799,0.016,0.0199,0.3538,0.405,1,0.92,0.66,0.9
155,0.5094,0.0747,0.3799,0.016,0.0199,0.3538,0.405,1,0.92,0.66,0.9
156,0.5583,0.0992,0.3799,0.016,0.0199,0.3538,0.405,1,0.92,0.64,0.9
157,0.788,0.214,0.3799,0.016,0.0199,0.3538,0.405,1,0.92,0.64,0.9
158,0.6548,0.1474,0.3799,0.016,0.0199,0.3538,0.405,1,0.92,0.66,0.9
159,0.442,0.041,0.3883,0.0146,0.0283,0.3628,0.4111,1,0.9,0.64,0.88
160,0.8809,0.2604,0.3883,0.0146,0.0283,0.3628,0.4111,1,0.9,0.64,0.88
161,0.3844,0.0122,0.3883,0.0146,0.0283,0.3628,0.4111,0,0.88,0.62,0.86
162,0.4267,0.0333,0.3868,0.0144,0.0268,0.3628,0.408,1,0.88,0.62,0.86
163,0.8716,0.2558,0.3868,0.0144,0.0268,0.3628,0.408,1,0.88,0.62,0.86
164,0.6231,0.1316,0.3868,0.0144,0.0268,0.3628,0.408,1,0.88,0.62,0.86
165,0.6892,0.1646,0.3868,0.0144,0.0268,0.3628,0.408,1,0.88,0.62,0.86
166,0.5416,0.0908,0.3867,0.0144,0.0267,0.3628,0.408,1,0.88,0.62,0.86
167,0.7434,0.1917,0.3867,0.0144,0.0267,0.3628,0.408,1,0.88,0.62,0.86
168,0.8549,0.2474,0.3867,0.0144,0.0267,0.3628,0.408,1,0.88,0.64,0.86
169,0.8946,0.2673,0.3867,0.0144,0.0267,0.3628,0.408,1,0.88,0.64,0.86
170,0.7288,0.1844,0.3867,0.0144,0.0267,0.3628,0.408,1,0.88,0.64,0.86
171,0.5975,0.1188,0.3867,0.0144,0.0267,0.3628,0.408,1,0.88,0.64,0.86
172,0.6922,0.1661,0.3867,0.0144,0.0267,0.3628,0.408,1,0.9,0.66,0.88
173,0.3763,0.0081,0.3867,0.0144,0.0267,0.3628,0.408,0,0.9,0.64,0.86
174,0.7985,0.2193,0.3867,0.0144,0.0267,0.3628,0.408,1,0.9,0.64,0.86
175,0.3606,0.0003,0.3867,0.0144,0.0267,0.3628,0.408,0,0.88,0.62,0.84
176,0.7823,0.2112,0.3867,0.0144,0.0267,0.3628,0.408,1,0.9,0.64,0.86
177,0.8086,0.2243,0.3867,0.0144,0.0267,0.3628,0.408,1,0.9,0.64,0.86
178,0.5494,0.0947,0.3867,0.0144,0.0267,0.3628,0.408,1,0.9,0.62,0.86
179,0.8075,0.2238,0.3867,0.0144,0.0267,0.3628,0.408,1,0.92,0.64,0.88
180,0.5307,0.0854,0.3867,0.0144,0.0267,0.3628,0.408,1,0.92,0.62,0.88
181,0.8153,0.2276,0.3867,0.0144,0.0267,0.3628,0.408,1,0.92,0.62,0.88
182,0.711,0.1755,0.3867,0.0144,0.0267,0.3628,0.408,1,0.92,0.64,0.88
183,0.6841,0.1621,0.3867,0.0144,0.0267,0.3628,0.408,1,0.92,0.64,0.88
184,0.7399,0.1899,0.3867,0.0144,0.0267,0.3628,0.408,1,0.92,0.64,0.88
185,0.3918,0.0159,0.3867,0.0144,0.0267,0.3628,0.408,0,0.92,0.64,0.86
186,0.5394,0.0897,0.3867,0.0144,0.0267,0.3628,0.408,1,0.92,0.64,0.86
187,0.6709,0.1554,0.3867,0.0144,0.0267,0.3628,0.408,1,0.92,0.66,0.86
188,0.387,0.0135,0.3867,0.0144,0.0267,0.3628,0.408,0,0.92,0.64,0.84
189,0.8764,0.2582,0.3867,0.0144,0.0267,0.3628,0.408,1,0.92,0.64,0.84
190,0.3914,0.0157,0.3867,0.0144,0.0267,0.3628,0.408,0,0.94,0.64,0.84
191,0.7089,0.1744,0.3867,0.0144,0.0267,0.3628,0.408,1,0.94,0.64,0.84
192,0.8073,0.2237,0.3867,0.0144,0.0267,0.3628,0.408,1,0.94,0.66,0.84
193,0.5976,0.1188,0.3867,0.0144,0.0267,0.3628,0.408,1,0.94,0.66,0.84
194,0.8846,0.2623,0.3867,0.0144,0.0267,0.3628,0.408,1,0.94,0.66,0.84
195,0.7479,0.1939,0.3867,0.0144,0.0267,0.3628,0.408,1,0.94,0.68,0.86
196,0.4318,0.0359,0.3855,0.0143,0.0255,0.3598,0.408,1,0.94,0.66,0.86
197,0.8911,0.2656,0.3855,0.0143,0.0255,0.3598,0.408,1,0.94,0.66,0.86
198,0.3974,0.0187,0.3826,0.0142,0.0226,0.3598,0.405,1,0.94,0.64,0.86
199,0.8795,0.2598,0.3826,0.0142,0.0226,0.3598,0.405,1,0.94,0.64,0.86
200,0.8157,0.2279,0.3826,0.0142,0.0226,0.3598,0.405,1,0.94,0.64,0.86
201,0.3969,0.0184,0.3798,0.014,0.0198,0.3568,0.402,1,0.94,0.64,0.86
202,0.6953,0.1676,0.3798,0.014,0.0198,0.3568,0.402,1,0.94,0.66,0.86
203,0.5203,0.0802,0.3798,0.014,0.0198,0.3568,0.402,1,0.94,0.64,0.86
204,0.5361,0.088,0.3798,0.014,0.0198,0.3568,0.402,1,0.94,0.62,0.86
205,0.8793,0.2597,0.3798,0.014,0.0198,0.3568,0.402,1,0.94,0.64,0.86
206,0.679,0.1595,0.3798,0.014,0.0198,0.3568,0.402,1,0.94,0.66,0.86
207,0.8263,0.2331,0.3798,0.014,0.0198,0.3568,0.402,1,0.94,0.66,0.86
208,0.7714,0.2057,0.3798,0.014,0.0198,0.3568,0.402,1,0.94,0.66,0.86
209,0.6779,0.159,0.3798,0.014,0.0198,0.3568,0.402,1,0.96,0.68,0.88
210,0.6498,0.1449,0.3798,0.014,0.0198,0.3568,0.402,1,0.96,0.68,0.88
211,0.8944,0.2672,0.3798,0.014,0.0198,0.3568,0.402,1,0.98,0.7,0.9
212,0.5781,0.109,0.3798,0.014,0.0198,0.3568,0.402,1,0.98,0.72,0.9
213,0.7929,0.2164,0.3798,0.014,0.0198,0.3568,0.402,1,0.98,0.72,0.9
214,0.7055,0.1728,0.3798,0.014,0.0198,0.3568,0.402,1,0.98,0.72,0.9
215,0.8724,0.2562,0.3798,0.014,0.0198,0.3568,0.402,1,0.98,0.72,0.9
216,0.8851,0.2626,0.3798,0.014,0.0198,0.3568,0.402,1,0.98,0.74,0.9
217,0.813,0.2265,0.3798,0.014,0.0198,0.3568,0.402,1,0.98,0.74,0.9
218,0.8412,0.2406,0.3798,0.014,0.0198,0.3568,0.402,1,0.98,0.74,0.9
219,0.5685,0.1043,0.3871,0.0131,0.0271,0.3658,0.408,1,0.96,0.72,0.88
220,0.7019,0.171,0.3871,0.0131,0.0271,0.3658,0.408,1,0.96,0.72,0.88
221,0.76,0.2,0.3871,0.0131,0.0271,0.3658,0.408,1,0.96,0.72,0.88
222,0.7194,0.1797,0.3871,0.0131,0.0271,0.3658,0.408,1,0.96,0.72,0.88
223,0.513,0.0765,0.3871,0.0131,0.0271,0.3658,0.408,1,0.96,0.72,0.9
224,0.6022,0.1211,0.3871,0.0131,0.0271,0.3658,0.408,1,0.96,0.72,0.9
225,0.7003,0.1702,0.3871,0.0131,0.0271,0.3658,0.408,1,0.98,0.74,0.92
226,0.4822,0.0611,0.3869,0.0131,0.0269,0.3658,0.408,1,0.98,0.72,0.92
227,0.7292,0.1846,0.3869,0.0131,0.0269,0.3658,0.408,1,0.98,0.72,0.92
228,0.4482,0.0441,0.3863,0.013,0.0263,0.3628,0.408,1,0.98,0.72,0.92
229,0.5143,0.0771,0.3863,0.013,0.0263,0.3628,0.408,1,0.98,0.7,0.92
230,0.585,0.1125,0.3863,0.013,0.0263,0.3628,0.408,1,0.98,0.72,0.92
231,0.391,0.0155,0.3834,0.0129,0.0234,0.3628,0.405,1,0.98,0.7,0.92
232,0.5285,0.0843,0.3834,0.0129,0.0234,0.3628,0.405,1,0.98,0.68,0.92
233,0.8297,0.2349,0.3834,0.0129,0.0234,0.3628,0.405,1,0.98,0.68,0.92
234,0.7159,0.1779,0.3834,0.0129,0.0234,0.3628,0.405,1,0.98,0.68,0.92
235,0.6311,0.1355,0.3834,0.0129,0.0234,0.3628,0.405,1,0.98,0.7,0.94
236,0.5452,0.0926,0.3834,0.0129,0.0234,0.3628,0.405,1,0.98,0.7,0.94
237,0.5802,0.1101,0.3834,0.0129,0.0234,0.3628,0.405,1,0.98,0.7,0.94
238,0.7731,0.2065,0.3834,0.0129,0.0234,0.3628,0.405,1,0.98,0.72,0.96
239,0.4855,0.0627,0.3833,0.0129,0.0233,0.3628,0.405,1,0.98,0.7,0.96
240,0.6575,0.1487,0.3833,0.0129,0.0233,0.3628,0.405,1,0.98,0.72,0.98
241,0.8948,0.2674,0.3833,0.0129,0.0233,0.3628,0.405,1,0.98,0.72,0.98
242,0.4603,0.0502,0.383,0.0129,0.023,0.3598,0.402,1,0.98,0.7,0.98
243,0.7923,0.2161,0.383,0.0129,0.023,0.3598,0.402,1,0.98,0.7,0.98
244,0.6994,0.1697,0.383,0.0129,0.023,0.3598,0.402,1,0.98,0.7,0.98
245,0.729,0.1845,0.383,0.0129,0.023,0.3598,0.402,1,0.98,0.7,0.98
246,0.4252,0.0326,0.3881,0.0121,0.0281,0.3688,0.408,1,0.96,0.7,0.96
247,0.4854,0.0627,0.388,0.0121,0.028,0.3688,0.408,1,0.96,0.68,0.96
248,0.7507,0.1953,0.388,0.0121,0.028,0.3688,0.408,1,0.96,0.7,0.96
249,0.382,0.011,0.388,0.0121,0.028,0.3688,0.408,0,0.96,0.68,0.94
250,0.4532,0.0466,0.3875,0.012,0.0275,0.3658,0.408,1,0.96,0.66,0.94
251,0.6003,0.1202,0.3875,0.012,0.0275,0.3658,0.408,1,0.96,0.68,0.94
252,0.7468,0.1934,0.3875,0.012,0.0275,0.3658,0.408,1,0.96,0.68,0.94
253,0.5645,0.1022,0.3875,0.012,0.0275,0.3658,0.408,1,0.96,0.7,0.94
254,0.6848,0.1624,0.3875,0.012,0.0275,0.3658,0.408,1,0.96,0.72,0.94
255,0.7625,0.2012,0.3875,0.012,0.0275,0.3658,0.408,1,0.96,0.72,0.94
256,0.5884,0.1142,0.3875,0.012,0.0275,0.3658,0.408,1,0.96,0.72,0.94
257,0.7925,0.2162,0.3875,0.012,0.0275,0.3658,0.408,1,0.96,0.72,0.94
258,0.4038,0.0219,0.3856,0.0119,0.0256,0.3658,0.405,1,0.96,0.7,0.94
259,0.6757,0.1579,0.3856,0.0119,0.0256,0.3658,0.405,1,0.96,0.7,0.94
260,0.6947,0.1673,0.3856,0.0119,0.0256,0.3658,0.405,1,0.96,0.7,0.94
261,0.7813,0.2106,0.3856,0.0119,0.0256,0.3658,0.405,1,0.96,0.7,0.94
262,0.8636,0.2518,0.3856,0.0119,0.0256,0.3658,0.405,1,0.96,0.7,0.94
263,0.3636,0.0018,0.3856,0.0119,0.0256,0.3658,0.405,0,0.94,0.68,0.92
264,0.4486,0.0443,0.3906,0.0113,0.0306,0.3719,0.408,1,0.92,0.66,0.9
265,0.5576,0.0988,0.3906,0.0113,0.0306,0.3719,0.408,1,0.92,0.64,0.9
266,0.7974,0.2187,0.3906,0.0113,0.0306,0.3719,0.408,1,0.92,0.64,0.9
267,0.8503,0.2451,0.3906,0.0113,0.0306,0.3719,0.408,1,0.92,0.64,0.9
268,0.7747,0.2074,0.3906,0.0113,0.0306,0.3719,0.408,1,0.92,0.64,0.9
269,0.3901,0.015,0.3906,0.0113,0.0306,0.3719,0.408,0,0.92,0.64,0.9
270,0.6185,0.1293,0.3906,0.0113,0.0306,0.3719,0.408,1,0.92,0.64,0.9
271,0.5861,0.1131,0.3906,0.0113,0.0306,0.3719,0.408,1,0.92,0.64,0.9
272,0.4325,0.0362,0.3898,0.0113,0.0298,0.3719,0.408,1,0.92,0.62,0.9
273,0.7012,0.1706,0.3898,0.0113,0.0298,0.3719,0.408,1,0.92,0.64,0.9
274,0.8714,0.2557,0.3898,0.0113,0.0298,0.3719,0.408,1,0.92,0.64,0.9
275,0.6377,0.1389,0.3898,0.0113,0.0298,0.3719,0.408,1,0.92,0.64,0.9
276,0.696,0.168,0.3898,0.0113,0.0298,0.3719,0.408,1,0.92,0.66,0.9
277,0.8136,0.2268,0.3898,0.0113,0.0298,0.3719,0.408,1,0.92,0.66,0.9
278,0.6932,0.1666,0.3898,0.0113,0.0298,0.3719,0.408,1,0.92,0.68,0.9
279,0.5135,0.0767,0.3897,0.0113,0.0297,0.3719,0.408,1,0.92,0.68,0.9
280,0.6717,0.1559,0.3897,0.0113,0.0297,0.3719,0.408,1,0.92,0.68,0.9
281,0.5569,0.0984,0.3897,0.0113,0.0297,0.3719,0.408,1,0.92,0.68,0.9
282,0.3962,0.0181,0.3897,0.0113,0.0297,0.3719,0.408,0,0.9,0.68,0.88
283,0.5799,0.1099,0.3897,0.0113,0.0297,0.3719,0.408,1,0.9,0.68,0.88
284,0.7986,0.2193,0.3897,0.0113,0.0297,0.3719,0.408,1,0.9,0.68,0.88
285,0.5134,0.0767,0.3897,0.0113,0.0297,0.3719,0.408,1,0.9,0.66,0.88
286,0.4418,0.0409,0.3891,0.0112,0.0291,0.3688,0.408,1,0.9,0.66,0.88
287,0.4735,0.0568,0.3889,0.0112,0.0289,0.3688,0.408,1,0.9,0.64,0.88
288,0.8906,0.2653,0.3889,0.0112,0.0289,0.3688,0.408,1,0.9,0.64,0.88
289,0.6327,0.1364,0.3889,0.0112,0.0289,0.3688,0.408,1,0.9,0.66,0.88
290,0.6147,0.1274,0.3889,0.0112,0.0289,0.3688,0.408,1,0.9,0.66,0.88
291,0.8361,0.238,0.3889,0.0112,0.0289,0.3688,0.408,1,0.9,0.66,0.88
292,0.4562,0.0481,0.3886,0.0111,0.0286,0.3688,0.405,1,0.9,0.66,0.88
293,0.8418,0.2409,0.3886,0.0111,0.0286,0.3688,0.405,1,0.9,0.66,0.88
294,0.5431,0.0915,0.3886,0.0111,0.0286,0.3688,0.405,1,0.9,0.64,0.88
295,0.5053,0.0727,0.3885,0.0111,0.0285,0.3688,0.405,1,0.9,0.62,0.88
296,0.7114,0.1757,0.3885,0.0111,0.0285,0.3688,0.405,1,0.92,0.64,0.9
297,0.382,0.011,0.3885,0.0111,0.0285,0.3688,0.405,0,0.9,0.64,0.88
298,0.6011,0.1206,0.3885,0.0111,0.0285,0.3688,0.405,1,0.9,0.64,0.88
299,0.4508,0.0454,0.3929,0.0106,0.0329,0.3749,0.4111,1,0.88,0.64,0.88
