episode,agent,passage_width,body_margin,success,rejected,collision,steps
0,oracle,0.4723,0.0561,1.0,0.0,0.0,42
0,fixed,0.4723,0.0561,0.0,1.0,0.0,0
0,calib,0.4723,0.0561,0.0,1.0,0.0,0
1,oracle,0.5988,0.1194,1.0,0.0,0.0,53
1,fixed,0.5988,0.1194,1.0,0.0,0.0,53
1,calib,0.5988,0.1194,0.0,1.0,0.0,0
2,oracle,0.8721,0.256,1.0,0.0,0.0,45
2,fixed,0.8721,0.256,1.0,0.0,0.0,45
2,calib,0.8721,0.256,1.0,0.0,0.0,45
3,oracle,0.578,0.109,1.0,0.0,0.0,41
3,fixed,0.578,0.109,1.0,0.0,0.0,41
3,calib,0.578,0.109,1.0,0.0,0.0,41
4,oracle,0.4772,0.0586,1.0,0.0,0.0,36
4,fixed,0.4772,0.0586,0.0,1.0,0.0,0
4,calib,0.4772,0.0586,0.0,1.0,0.0,0
5,oracle,0.7657,0.2029,1.0,0.0,0.0,48
5,fixed,0.7657,0.2029,1.0,0.0,0.0,48
5,calib,0.7657,0.2029,1.0,0.0,0.0,48
6,oracle,0.7375,0.1888,1.0,0.0,0.0,62
6,fixed,0.7375,0.1888,1.0,0.0,0.0,62
6,calib,0.7375,0.1888,1.0,0.0,0.0,62
7,oracle,0.8364,0.2382,1.0,0.0,0.0,39
7,fixed,0.8364,0.2382,1.0,0.0,0.0,39
7,calib,0.8364,0.2382,1.0,0.0,0.0,39
8,oracle,0.7506,0.1953,1.0,0.0,0.0,52
8,fixed,0.7506,0.1953,1.0,0.0,0.0,52
8,calib,0.7506,0.1953,1.0,0.0,0.0,52
9,oracle,0.5355,0.0878,1.0,0.0,0.0,51
9,fixed,0.5355,0.0878,0.0,1.0,0.0,0
9,calib,0.5355,0.0878,1.0,0.0,0.0,51
10,oracle,0.5602,0.1001,1.0,0.0,0.0,54
10,fixed,0.5602,0.1001,1.0,0.0,0.0,54
10,calib,0.5602,0.1001,1.0,0.0,0.0,54
11,oracle,0.7133,0.1767,1.0,0.0,0.0,46
11,fixed,0.7133,0.1767,1.0,0.0,0.0,46
11,calib,0.7133,0.1767,1.0,0.0,0.0,46
12,oracle,0.7058,0.1729,1.0,0.0,0.0,45
12,fixed,0.7058,0.1729,1.0,0.0,0.0,45
12,calib,0.7058,0.1729,1.0,0.0,0.0,45
13,oracle,0.6186,0.1293,1.0,0.0,0.0,51
13,fixed,0.6186,0.1293,1.0,0.0,0.0,51
13,calib,0.6186,0.1293,1.0,0.0,0.0,51
14,oracle,0.6747,0.1573,1.0,0.0,0.0,61
14,fixed,0.6747,0.1573,1.0,0.0,0.0,61
14,calib,0.6747,0.1573,1.0,0.0,0.0,61
15,oracle,0.6382,0.1391,1.0,0.0,0.0,45
15,fixed,0.6382,0.1391,1.0,0.0,0.0,45
15,calib,0.6382,0.1391,1.0,0.0,0.0,45
16,oracle,0.488,0.064,1.0,0.0,0.0,49
16,fixed,0.488,0.064,0.0,1.0,0.0,0
16,calib,0.488,0.064,0.0,1.0,0.0,0
17,oracle,0.5894,0.1147,1.0,0.0,0.0,42
17,fixed,0.5894,0.1147,1.0,0.0,0.0,42
17,calib,0.5894,0.1147,1.0,0.0,0.0,42
18,oracle,0.4598,0.0499,1.0,0.0,0.0,40
18,fixed,0.4598,0.0499,0.0,1.0,0.0,0
18,calib,0.4598,0.0499,0.0,1.0,0.0,0
19,oracle,0.6016,0.1208,1.0,0.0,0.0,55
19,fixed,0.6016,0.1208,1.0,0.0,0.0,55
19,calib,0.6016,0.1208,1.0,0.0,0.0,55
20,oracle,0.8313,0.2356,1.0,0.0,0.0,37
20,fixed,0.8313,0.2356,1.0,0.0,0.0,37
20,calib,0.8313,0.2356,1.0,0.0,0.0,37
21,oracle,0.7274,0.1837,1.0,0.0,0.0,41
21,fixed,0.7274,0.1837,1.0,0.0,0.0,41
21,calib,0.7274,0.1837,1.0,0.0,0.0,41
22,oracle,0.5888,0.1144,1.0,0.0,0.0,57
22,fixed,0.5888,0.1144,1.0,0.0,0.0,57
22,calib,0.5888,0.1144,1.0,0.0,0.0,57
23,oracle,0.752,0.196,1.0,0.0,0.0,41
23,fixed,0.752,0.196,1.0,0.0,0.0,41
23,calib,0.752,0.196,1.0,0.0,0.0,41
24,oracle,0.7093,0.1746,1.0,0.0,0.0,55
24,fixed,0.7093,0.1746,1.0,0.0,0.0,55
24,calib,0.7093,0.1746,1.0,0.0,0.0,55
25,oracle,0.8502,0.2451,1.0,0.0,0.0,38
25,fixed,0.8502,0.2451,1.0,0.0,0.0,38
25,calib,0.8502,0.2451,1.0,0.0,0.0,38
26,oracle,0.4493,0.0447,1.0,0.0,0.0,53
26,fixed,0.4493,0.0447,0.0,1.0,0.0,0
26,calib,0.4493,0.0447,0.0,1.0,0.0,0
27,oracle,0.7463,0.1932,1.0,0.0,0.0,38
27,fixed,0.7463,0.1932,1.0,0.0,0.0,38
27,calib,0.7463,0.1932,1.0,0.0,0.0,38
28,oracle,0.5354,0.0877,1.0,0.0,0.0,42
28,fixed,0.5354,0.0877,0.0,1.0,0.0,0
28,calib,0.5354,0.0877,1.0,0.0,0.0,42
29,oracle,0.6944,0.1672,1.0,0.0,0.0,40
29,fixed,0.6944,0.1672,1.0,0.0,0.0,40
29,calib,0.6944,0.1672,1.0,0.0,0.0,40
30,oracle,0.8929,0.2665,1.0,0.0,0.0,44
30,fixed,0.8929,0.2665,1.0,0.0,0.0,44
30,calib,0.8929,0.2665,1.0,0.0,0.0,44
31,oracle,0.8753,0.2576,1.0,0.0,0.0,38
31,fixed,0.8753,0.2576,1.0,0.0,0.0,38
31,calib,0.8753,0.2576,1.0,0.0,0.0,38
32,oracle,0.5437,0.0918,1.0,0.0,0.0,40
32,fixed,0.5437,0.0918,0.0,1.0,0.0,0
32,calib,0.5437,0.0918,1.0,0.0,0.0,40
33,oracle,0.6344,0.1372,1.0,0.0,0.0,52
33,fixed,0.6344,0.1372,1.0,0.0,0.0,52
33,calib,0.6344,0.1372,1.0,0.0,0.0,52
34,oracle,0.7398,0.1899,1.0,0.0,0.0,41
34,fixed,0.7398,0.1899,1.0,0.0,0.0,41
34,calib,0.7398,0.1899,1.0,0.0,0.0,41
35,oracle,0.701,0.1705,1.0,0.0,0.0,45
35,fixed,0.701,0.1705,1.0,0.0,0.0,45
35,calib,0.701,0.1705,1.0,0.0,0.0,45
36,oracle,0.3824,0.0112,1.0,0.0,0.0,58
36,fixed,0.3824,0.0112,0.0,1.0,0.0,0
36,calib,0.3824,0.0112,0.0,1.0,0.0,0
37,oracle,0.6127,0.1263,1.0,0.0,0.0,40
37,fixed,0.6127,0.1263,1.0,0.0,0.0,40
37,calib,0.6127,0.1263,1.0,0.0,0.0,40
38,oracle,0.7337,0.1869,1.0,0.0,0.0,54
38,fixed,0.7337,0.1869,1.0,0.0,0.0,54
38,calib,0.7337,0.1869,1.0,0.0,0.0,54
39,oracle,0.4188,0.0294,0.0,0.0,1.0,11
39,fixed,0.4188,0.0294,0.0,1.0,0.0,0
39,calib,0.4188,0.0294,0.0,1.0,0.0,0
40,oracle,0.7836,0.2118,1.0,0.0,0.0,42
40,fixed,0.7836,0.2118,1.0,0.0,0.0,42
40,calib,0.7836,0.2118,1.0,0.0,0.0,42
41,oracle,0.8005,0.2203,1.0,0.0,0.0,60
41,fixed,0.8005,0.2203,1.0,0.0,0.0,60
41,calib,0.8005,0.2203,1.0,0.0,0.0,60
42,oracle,0.7646,0.2023,1.0,0.0,0.0,36
42,fixed,0.7646,0.2023,1.0,0.0,0.0,36
42,calib,0.7646,0.2023,1.0,0.0,0.0,36
43,oracle,0.4445,0.0422,1.0,0.0,0.0,45
43,fixed,0.4445,0.0422,0.0,1.0,0.0,0
43,calib,0.4445,0.0422,1.0,0.0,0.0,45
44,oracle,0.4161,0.028,1.0,0.0,0.0,44
44,fixed,0.4161,0.028,0.0,1.0,0.0,0
44,calib,0.4161,0.028,0.0,1.0,0.0,0
45,oracle,0.5319,0.0859,1.0,0.0,0.0,44
45,fixed,0.5319,0.0859,0.0,1.0,0.0,0
45,calib,0.5319,0.0859,1.0,0.0,0.0,44
46,oracle,0.5914,0.1157,1.0,0.0,0.0,59
46,fixed,0.5914,0.1157,1.0,0.0,0.0,59
46,calib,0.5914,0.1157,1.0,0.0,0.0,59
47,oracle,0.6789,0.1595,1.0,0.0,0.0,57
47,fixed,0.6789,0.1595,1.0,0.0,0.0,57
47,calib,0.6789,0.1595,1.0,0.0,0.0,57
48,oracle,0.4869,0.0635,1.0,0.0,0.0,49
48,fixed,0.4869,0.0635,0.0,1.0,0.0,0
48,calib,0.4869,0.0635,1.0,0.0,0.0,49
49,oracle,0.8411,0.2406,1.0,0.0,0.0,52
49,fixed,0.8411,0.2406,1.0,0.0,0.0,52
49,calib,0.8411,0.2406,1.0,0.0,0.0,52
50,oracle,0.484,0.062,1.0,0.0,0.0,45
50,fixed,0.484,0.062,0.0,1.0,0.0,0
50,calib,0.484,0.062,1.0,0.0,0.0,45
51,oracle,0.7667,0.2034,1.0,0.0,0.0,53
51,fixed,0.7667,0.2034,1.0,0.0,0.0,53
51,calib,0.7667,0.2034,1.0,0.0,0.0,53
52,oracle,0.5988,0.1194,1.0,0.0,0.0,56
52,fixed,0.5988,0.1194,1.0,0.0,0.0,56
52,calib,0.5988,0.1194,1.0,0.0,0.0,56
53,oracle,0.386,0.013,1.0,0.0,0.0,37
53,fixed,0.386,0.013,0.0,1.0,0.0,0
53,calib,0.386,0.013,1.0,0.0,0.0,37
54,oracle,0.4013,0.0206,1.0,0.0,0.0,50
54,fixed,0.4013,0.0206,0.0,1.0,0.0,0
54,calib,0.4013,0.0206,1.0,0.0,0.0,50
55,oracle,0.7659,0.2029,1.0,0.0,0.0,46
55,fixed,0.7659,0.2029,1.0,0.0,0.0,46
55,calib,0.7659,0.2029,1.0,0.0,0.0,46
56,oracle,0.6895,0.1647,1.0,0.0,0.0,43
56,fixed,0.6895,0.1647,1.0,0.0,0.0,43
56,calib,0.6895,0.1647,1.0,0.0,0.0,43
57,oracle,0.8054,0.2227,1.0,0.0,0.0,49
57,fixed,0.8054,0.2227,1.0,0.0,0.0,49
57,calib,0.8054,0.2227,1.0,0.0,0.0,49
58,oracle,0.6837,0.1619,1.0,0.0,0.0,43
58,fixed,0.6837,0.1619,1.0,0.0,0.0,43
58,calib,0.6837,0.1619,1.0,0.0,0.0,43
59,oracle,0.6088,0.1244,1.0,0.0,0.0,38
59,fixed,0.6088,0.1244,1.0,0.0,0.0,38
59,calib,0.6088,0.1244,1.0,0.0,0.0,38
60,oracle,0.6644,0.1522,1.0,0.0,0.0,55
60,fixed,0.6644,0.1522,1.0,0.0,0.0,55
60,calib,0.6644,0.1522,1.0,0.0,0.0,55
61,oracle,0.669,0.1545,1.0,0.0,0.0,54
61,fixed,0.669,0.1545,1.0,0.0,0.0,54
61,calib,0.669,0.1545,1.0,0.0,0.0,54
62,oracle,0.6214,0.1307,1.0,0.0,0.0,46
62,fixed,0.6214,0.1307,1.0,0.0,0.0,46
62,calib,0.6214,0.1307,1.0,0.0,0.0,46
63,oracle,0.5231,0.0815,1.0,0.0,0.0,55
63,fixed,0.5231,0.0815,0.0,1.0,0.0,0
63,calib,0.5231,0.0815,1.0,0.0,0.0,55
64,oracle,0.4781,0.0591,1.0,0.0,0.0,53
64,fixed,0.4781,0.0591,0.0,1.0,0.0,0
64,calib,0.4781,0.0591,1.0,0.0,0.0,53
65,oracle,0.4693,0.0547,1.0,0.0,0.0,53
65,fixed,0.4693,0.0547,0.0,1.0,0.0,0
65,calib,0.4693,0.0547,1.0,0.0,0.0,53
66,oracle,0.6695,0.1548,1.0,0.0,0.0,50
66,fixed,0.6695,0.1548,1.0,0.0,0.0,50
66,calib,0.6695,0.1548,1.0,0.0,0.0,50
67,oracle,0.8283,0.2342,1.0,0.0,0.0,43
67,fixed,0.8283,0.2342,1.0,0.0,0.0,43
67,calib,0.8283,0.2342,1.0,0.0,0.0,43
68,oracle,0.8139,0.2269,1.0,0.0,0.0,42
68,fixed,0.8139,0.2269,1.0,0.0,0.0,42
68,calib,0.8139,0.2269,1.0,0.0,0.0,42
69,oracle,0.7872,0.2136,1.0,0.0,0.0,56
69,fixed,0.7872,0.2136,1.0,0.0,0.0,56
69,calib,0.7872,0.2136,1.0,0.0,0.0,56
70,oracle,0.8889,0.2645,1.0,0.0,0.0,38
70,fixed,0.8889,0.2645,1.0,0.0,0.0,38
70,calib,0.8889,0.2645,1.0,0.0,0.0,38
71,oracle,0.4831,0.0616,1.0,0.0,0.0,51
71,fixed,0.4831,0.0616,0.0,1.0,0.0,0
71,calib,0.4831,0.0616,1.0,0.0,0.0,51
72,oracle,0.4345,0.0372,1.0,0.0,0.0,45
72,fixed,0.4345,0.0372,0.0,1.0,0.0,0
72,calib,0.4345,0.0372,1.0,0.0,0.0,45
73,oracle,0.5957,0.1178,1.0,0.0,0.0,47
73,fixed,0.5957,0.1178,1.0,0.0,0.0,47
73,calib,0.5957,0.1178,1.0,0.0,0.0,47
74,oracle,0.5003,0.0701,1.0,0.0,0.0,43
74,fixed,0.5003,0.0701,0.0,1.0,0.0,0
74,calib,0.5003,0.0701,1.0,0.0,0.0,43
75,oracle,0.556,0.098,1.0,0.0,0.0,56
75,fixed,0.556,0.098,0.0,1.0,0.0,0
75,calib,0.556,0.098,1.0,0.0,0.0,56
76,oracle,0.8702,0.2551,1.0,0.0,0.0,53
76,fixed,0.8702,0.2551,1.0,0.0,0.0,53
76,calib,0.8702,0.2551,1.0,0.0,0.0,53
77,oracle,0.3661,0.003,0.0,0.0,1.0,11
77,fixed,0.3661,0.003,0.0,1.0,0.0,0
77,calib,0.3661,0.003,0.0,1.0,0.0,0
78,oracle,0.8926,0.2663,1.0,0.0,0.0,59
78,fixed,0.8926,0.2663,1.0,0.0,0.0,59
78,calib,0.8926,0.2663,1.0,0.0,0.0,59
79,oracle,0.6746,0.1573,1.0,0.0,0.0,39
79,fixed,0.6746,0.1573,1.0,0.0,0.0,39
79,calib,0.6746,0.1573,1.0,0.0,0.0,39
80,oracle,0.5407,0.0904,1.0,0.0,0.0,58
80,fixed,0.5407,0.0904,0.0,1.0,0.0,0
80,calib,0.5407,0.0904,1.0,0.0,0.0,58
81,oracle,0.4595,0.0497,1.0,0.0,0.0,47
81,fixed,0.4595,0.0497,0.0,1.0,0.0,0
81,calib,0.4595,0.0497,1.0,0.0,0.0,47
82,oracle,0.7739,0.207,1.0,0.0,0.0,44
82,fixed,0.7739,0.207,1.0,0.0,0.0,44
82,calib,0.7739,0.207,1.0,0.0,0.0,44
83,oracle,0.7894,0.2147,1.0,0.0,0.0,61
83,fixed,0.7894,0.2147,1.0,0.0,0.0,61
83,calib,0.7894,0.2147,1.0,0.0,0.0,61
84,oracle,0.786,0.213,1.0,0.0,0.0,48
84,fixed,0.786,0.213,1.0,0.0,0.0,48
84,calib,0.786,0.213,1.0,0.0,0.0,48
85,oracle,0.7366,0.1883,1.0,0.0,0.0,48
85,fixed,0.7366,0.1883,1.0,0.0,0.0,48
85,calib,0.7366,0.1883,1.0,0.0,0.0,48
86,oracle,0.3964,0.0182,1.0,0.0,0.0,59
86,fixed,0.3964,0.0182,0.0,1.0,0.0,0
86,calib,0.3964,0.0182,1.0,0.0,0.0,59
87,oracle,0.7929,0.2164,1.0,0.0,0.0,41
87,fixed,0.7929,0.2164,1.0,0.0,0.0,41
87,calib,0.7929,0.2164,1.0,0.0,0.0,41
88,oracle,0.6709,0.1554,1.0,0.0,0.0,42
88,fixed,0.6709,0.1554,1.0,0.0,0.0,42
88,calib,0.6709,0.1554,1.0,0.0,0.0,42
89,oracle,0.6899,0.1649,1.0,0.0,0.0,40
89,fixed,0.6899,0.1649,1.0,0.0,0.0,40
89,calib,0.6899,0.1649,1.0,0.0,0.0,40
90,oracle,0.7612,0.2006,1.0,0.0,0.0,40
90,fixed,0.7612,0.2006,1.0,0.0,0.0,40
90,calib,0.7612,0.2006,1.0,0.0,0.0,40
91,oracle,0.3697,0.0049,0.0,0.0,1.0,8
91,fixed,0.3697,0.0049,0.0,1.0,0.0,0
91,calib,0.3697,0.0049,0.0,1.0,0.0,0
92,oracle,0.7721,0.2061,1.0,0.0,0.0,55
92,fixed,0.7721,0.2061,1.0,0.0,0.0,55
92,calib,0.7721,0.2061,1.0,0.0,0.0,55
93,oracle,0.7005,0.1703,1.0,0.0,0.0,40
93,fixed,0.7005,0.1703,1.0,0.0,0.0,40
93,calib,0.7005,0.1703,1.0,0.0,0.0,40
94,oracle,0.6475,0.1438,1.0,0.0,0.0,45
94,fixed,0.6475,0.1438,1.0,0.0,0.0,45
94,calib,0.6475,0.1438,1.0,0.0,0.0,45
95,oracle,0.6142,0.1271,1.0,0.0,0.0,49
95,fixed,0.6142,0.1271,1.0,0.0,0.0,49
95,calib,0.6142,0.1271,1.0,0.0,0.0,49
96,oracle,0.732,0.186,1.0,0.0,0.0,39
96,fixed,0.732,0.186,1.0,0.0,0.0,39
96,calib,0.732,0.186,1.0,0.0,0.0,39
97,oracle,0.5432,0.0916,1.0,0.0,0.0,44
97,fixed,0.5432,0.0916,0.0,1.0,0.0,0
97,calib,0.5432,0.0916,1.0,0.0,0.0,44
98,oracle,0.657,0.1485,1.0,0.0,0.0,37
98,fixed,0.657,0.1485,1.0,0.0,0.0,37
98,calib,0.657,0.1485,1.0,0.0,0.0,37
99,oracle,0.7145,0.1772,1.0,0.0,0.0,41
99,fixed,0.7145,0.1772,1.0,0.0,0.0,41
99,calib,0.7145,0.1772,1.0,0.0,0.0,41
100,oracle,0.763,0.2015,1.0,0.0,0.0,51
100,fixed,0.763,0.2015,1.0,0.0,0.0,51
100,calib,0.763,0.2015,1.0,0.0,0.0,51
101,oracle,0.8857,0.2628,1.0,0.0,0.0,45
101,fixed,0.8857,0.2628,1.0,0.0,0.0,45
101,calib,0.8857,0.2628,1.0,0.0,0.0,45
102,oracle,0.723,0.1815,1.0,0.0,0.0,53
102,fixed,0.723,0.1815,1.0,0.0,0.0,53
102,calib,0.723,0.1815,1.0,0.0,0.0,53
103,oracle,0.5993,0.1197,1.0,0.0,0.0,49
103,fixed,0.5993,0.1197,1.0,0.0,0.0,49
103,calib,0.5993,0.1197,1.0,0.0,0.0,49
104,oracle,0.6684,0.1542,1.0,0.0,0.0,46
104,fixed,0.6684,0.1542,1.0,0.0,0.0,46
104,calib,0.6684,0.1542,1.0,0.0,0.0,46
105,oracle,0.5079,0.0739,1.0,0.0,0.0,47
105,fixed,0.5079,0.0739,0.0,1.0,0.0,0
105,calib,0.5079,0.0739,1.0,0.0,0.0,47
106,oracle,0.5667,0.1033,1.0,0.0,0.0,43
106,fixed,0.5667,0.1033,1.0,0.0,0.0,43
106,calib,0.5667,0.1033,1.0,0.0,0.0,43
107,oracle,0.7783,0.2092,1.0,0.0,0.0,55
107,fixed,0.7783,0.2092,1.0,0.0,0.0,55
107,calib,0.7783,0.2092,1.0,0.0,0.0,55
108,oracle,0.3928,0.0164,1.0,0.0,0.0,42
108,fixed,0.3928,0.0164,0.0,1.0,0.0,0
108,calib,0.3928,0.0164,1.0,0.0,0.0,42
109,oracle,0.6118,0.1259,1.0,0.0,0.0,40
109,fixed,0.6118,0.1259,1.0,0.0,0.0,40
109,calib,0.6118,0.1259,1.0,0.0,0.0,40
110,oracle,0.8687,0.2543,1.0,0.0,0.0,43
110,fixed,0.8687,0.2543,1.0,0.0,0.0,43
110,calib,0.8687,0.2543,1.0,0.0,0.0,43
111,oracle,0.7667,0.2034,1.0,0.0,0.0,56
111,fixed,0.7667,0.2034,1.0,0.0,0.0,56
111,calib,0.7667,0.2034,1.0,0.0,0.0,56
112,oracle,0.3864,0.0132,1.0,0.0,0.0,49
112,fixed,0.3864,0.0132,0.0,1.0,0.0,0
112,calib,0.3864,0.0132,1.0,0.0,0.0,49
113,oracle,0.5728,0.1064,1.0,0.0,0.0,42
113,fixed,0.5728,0.1064,1.0,0.0,0.0,42
113,calib,0.5728,0.1064,1.0,0.0,0.0,42
114,oracle,0.6067,0.1233,1.0,0.0,0.0,47
114,fixed,0.6067,0.1233,1.0,0.0,0.0,47
114,calib,0.6067,0.1233,1.0,0.0,0.0,47
115,oracle,0.6171,0.1286,1.0,0.0,0.0,38
115,fixed,0.6171,0.1286,1.0,0.0,0.0,38
115,calib,0.6171,0.1286,1.0,0.0,0.0,38
116,oracle,0.4421,0.041,1.0,0.0,0.0,44
116,fixed,0.4421,0.041,0.0,1.0,0.0,0
116,calib,0.4421,0.041,1.0,0.0,0.0,44
117,oracle,0.7636,0.2018,1.0,0.0,0.0,42
117,fixed,0.7636,0.2018,1.0,0.0,0.0,42
117,calib,0.7636,0.2018,1.0,0.0,0.0,42
118,oracle,0.4063,0.0232,1.0,0.0,0.0,41
118,fixed,0.4063,0.0232,0.0,1.0,0.0,0
118,calib,0.4063,0.0232,1.0,0.0,0.0,41
119,oracle,0.834,0.237,1.0,0.0,0.0,49
119,fixed,0.834,0.237,1.0,0.0,0.0,49
119,calib,0.834,0.237,1.0,0.0,0.0,49
120,oracle,0.8498,0.2449,1.0,0.0,0.0,60
120,fixed,0.8498,0.2449,1.0,0.0,0.0,60
120,calib,0.8498,0.2449,1.0,0.0,0.0,60
121,oracle,0.5963,0.1182,1.0,0.0,0.0,42
121,fixed,0.5963,0.1182,1.0,0.0,0.0,42
121,calib,0.5963,0.1182,1.0,0.0,0.0,42
122,oracle,0.3936,0.0168,0.0,0.0,1.0,11
122,fixed,0.3936,0.0168,0.0,1.0,0.0,0
122,calib,0.3936,0.0168,0.0,0.0,1.0,11
123,oracle,0.6328,0.1364,1.0,0.0,0.0,58
123,fixed,0.6328,0.1364,1.0,0.0,0.0,58
123,calib,0.6328,0.1364,1.0,0.0,0.0,58
124,oracle,0.8851,0.2626,1.0,0.0,0.0,48
124,fixed,0.8851,0.2626,1.0,0.0,0.0,48
124,calib,0.8851,0.2626,1.0,0.0,0.0,48
125,oracle,0.7647,0.2023,1.0,0.0,0.0,56
125,fixed,0.7647,0.2023,1.0,0.0,0.0,56
125,calib,0.7647,0.2023,1.0,0.0,0.0,56
126,oracle,0.4861,0.0631,0.0,0.0,1.0,9
126,fixed,0.4861,0.0631,0.0,1.0,0.0,0
126,calib,0.4861,0.0631,0.0,0.0,1.0,9
127,oracle,0.601,0.1205,1.0,0.0,0.0,46
127,fixed,0.601,0.1205,1.0,0.0,0.0,46
127,calib,0.601,0.1205,1.0,0.0,0.0,46
128,oracle,0.8606,0.2503,1.0,0.0,0.0,40
128,fixed,0.8606,0.2503,1.0,0.0,0.0,40
128,calib,0.8606,0.2503,1.0,0.0,0.0,40
129,oracle,0.3644,0.0022,0.0,0.0,1.0,13
129,fixed,0.3644,0.0022,0.0,1.0,0.0,0
129,calib,0.3644,0.0022,0.0,1.0,0.0,0
130,oracle,0.6828,0.1614,1.0,0.0,0.0,43
130,fixed,0.6828,0.1614,1.0,0.0,0.0,43
130,calib,0.6828,0.1614,1.0,0.0,0.0,43
131,oracle,0.7369,0.1885,1.0,0.0,0.0,59
131,fixed,0.7369,0.1885,1.0,0.0,0.0,59
131,calib,0.7369,0.1885,1.0,0.0,0.0,59
132,oracle,0.4601,0.0501,1.0,0.0,0.0,53
132,fixed,0.4601,0.0501,0.0,1.0,0.0,0
132,calib,0.4601,0.0501,1.0,0.0,0.0,53
133,oracle,0.68,0.16,1.0,0.0,0.0,58
133,fixed,0.68,0.16,1.0,0.0,0.0,58
133,calib,0.68,0.16,1.0,0.0,0.0,58
134,oracle,0.5948,0.1174,1.0,0.0,0.0,56
134,fixed,0.5948,0.1174,1.0,0.0,0.0,56
134,calib,0.5948,0.1174,1.0,0.0,0.0,56
135,oracle,0.5267,0.0833,1.0,0.0,0.0,56
135,fixed,0.5267,0.0833,0.0,1.0,0.0,0
135,calib,0.5267,0.0833,1.0,0.0,0.0,56
136,oracle,0.4495,0.0447,1.0,0.0,0.0,38
136,fixed,0.4495,0.0447,0.0,1.0,0.0,0
136,calib,0.4495,0.0447,1.0,0.0,0.0,38
137,oracle,0.4745,0.0573,1.0,0.0,0.0,55
137,fixed,0.4745,0.0573,0.0,1.0,0.0,0
137,calib,0.4745,0.0573,1.0,0.0,0.0,55
138,oracle,0.7251,0.1825,1.0,0.0,0.0,55
138,fixed,0.7251,0.1825,1.0,0.0,0.0,55
138,calib,0.7251,0.1825,1.0,0.0,0.0,55
139,oracle,0.8774,0.2587,1.0,0.0,0.0,55
139,fixed,0.8774,0.2587,1.0,0.0,0.0,55
139,calib,0.8774,0.2587,1.0,0.0,0.0,55
140,oracle,0.4279,0.034,0.0,0.0,1.0,9
140,fixed,0.4279,0.034,0.0,1.0,0.0,0
140,calib,0.4279,0.034,0.0,0.0,1.0,9
141,oracle,0.5782,0.1091,1.0,0.0,0.0,56
141,fixed,0.5782,0.1091,1.0,0.0,0.0,56
141,calib,0.5782,0.1091,1.0,0.0,0.0,56
142,oracle,0.4484,0.0442,1.0,0.0,0.0,40
142,fixed,0.4484,0.0442,0.0,1.0,0.0,0
142,calib,0.4484,0.0442,1.0,0.0,0.0,40
143,oracle,0.6814,0.1607,1.0,0.0,0.0,39
143,fixed,0.6814,0.1607,1.0,0.0,0.0,39
143,calib,0.6814,0.1607,1.0,0.0,0.0,39
144,oracle,0.5703,0.1052,1.0,0.0,0.0,49
144,fixed,0.5703,0.1052,1.0,0.0,0.0,49
144,calib,0.5703,0.1052,1.0,0.0,0.0,49
145,oracle,0.3779,0.0089,1.0,0.0,0.0,55
145,fixed,0.3779,0.0089,0.0,1.0,0.0,0
145,calib,0.3779,0.0089,0.0,1.0,0.0,0
146,oracle,0.8104,0.2252,1.0,0.0,0.0,47
146,fixed,0.8104,0.2252,1.0,0.0,0.0,47
146,calib,0.8104,0.2252,1.0,0.0,0.0,47
147,oracle,0.8597,0.2499,1.0,0.0,0.0,42
147,fixed,0.8597,0.2499,1.0,0.0,0.0,42
147,calib,0.8597,0.2499,1.0,0.0,0.0,42
148,oracle,0.6215,0.1308,1.0,0.0,0.0,39
148,fixed,0.6215,0.1308,1.0,0.0,0.0,39
148,calib,0.6215,0.1308,1.0,0.0,0.0,39
149,oracle,0.5676,0.1038,1.0,0.0,0.0,62
149,fixed,0.5676,0.1038,1.0,0.0,0.0,62
149,calib,0.5676,0.1038,1.0,0.0,0.0,62
150,oracle,0.6741,0.157,1.0,0.0,0.0,45
150,fixed,0.6741,0.157,1.0,0.0,0.0,45
150,calib,0.6741,0.157,1.0,0.0,0.0,45
151,oracle,0.4633,0.0516,1.0,0.0,0.0,38
151,fixed,0.4633,0.0516,0.0,1.0,0.0,0
151,calib,0.4633,0.0516,1.0,0.0,0.0,38
152,oracle,0.4161,0.0281,1.0,0.0,0.0,39
152,fixed,0.4161,0.0281,0.0,1.0,0.0,0
152,calib,0.4161,0.0281,1.0,0.0,0.0,39
153,oracle,0.6284,0.1342,1.0,0.0,0.0,37
153,fixed,0.6284,0.1342,1.0,0.0,0.0,37
153,calib,0.6284,0.1342,1.0,0.0,0.0,37
154,oracle,0.6383,0.1391,1.0,0.0,0.0,60
154,fixed,0.6383,0.1391,1.0,0.0,0.0,60
154,calib,0.6383,0.1391,1.0,0.0,0.0,60
155,oracle,0.5094,0.0747,1.0,0.0,0.0,41
155,fixed,0.5094,0.0747,0.0,1.0,0.0,0
155,calib,0.5094,0.0747,1.0,0.0,0.0,41
156,oracle,0.5583,0.0992,1.0,0.0,0.0,53
156,fixed,0.5583,0.0992,0.0,1.0,0.0,0
156,calib,0.5583,0.0992,1.0,0.0,0.0,53
157,oracle,0.788,0.214,1.0,0.0,0.0,36
157,fixed,0.788,0.214,1.0,0.0,0.0,36
157,calib,0.788,0.214,1.0,0.0,0.0,36
158,oracle,0.6548,0.1474,1.0,0.0,0.0,43
158,fixed,0.6548,0.1474,1.0,0.0,0.0,43
158,calib,0.6548,0.1474,1.0,0.0,0.0,43
159,oracle,0.442,0.041,0.0,0.0,1.0,12
159,fixed,0.442,0.041,0.0,1.0,0.0,0
159,calib,0.442,0.041,0.0,0.0,1.0,12
160,oracle,0.8809,0.2604,1.0,0.0,0.0,48
160,fixed,0.8809,0.2604,1.0,0.0,0.0,48
160,calib,0.8809,0.2604,1.0,0.0,0.0,48
161,oracle,0.3844,0.0122,0.0,0.0,1.0,8
161,fixed,0.3844,0.0122,0.0,1.0,0.0,0
161,calib,0.3844,0.0122,0.0,1.0,0.0,0
162,oracle,0.4267,0.0333,1.0,0.0,0.0,38
162,fixed,0.4267,0.0333,0.0,1.0,0.0,0
162,calib,0.4267,0.0333,1.0,0.0,0.0,38
163,oracle,0.8716,0.2558,1.0,0.0,0.0,53
163,fixed,0.8716,0.2558,1.0,0.0,0.0,53
163,calib,0.8716,0.2558,1.0,0.0,0.0,53
164,oracle,0.6231,0.1316,1.0,0.0,0.0,40
164,fixed,0.6231,0.1316,1.0,0.0,0.0,40
164,calib,0.6231,0.1316,1.0,0.0,0.0,40
165,oracle,0.6892,0.1646,1.0,0.0,0.0,45
165,fixed,0.6892,0.1646,1.0,0.0,0.0,45
165,calib,0.6892,0.1646,1.0,0.0,0.0,45
166,oracle,0.5416,0.0908,1.0,0.0,0.0,46
166,fixed,0.5416,0.0908,0.0,1.0,0.0,0
166,calib,0.5416,0.0908,1.0,0.0,0.0,46
167,oracle,0.7434,0.1917,1.0,0.0,0.0,38
167,fixed,0.7434,0.1917,1.0,0.0,0.0,38
167,calib,0.7434,0.1917,1.0,0.0,0.0,38
168,oracle,0.8549,0.2474,1.0,0.0,0.0,41
168,fixed,0.8549,0.2474,1.0,0.0,0.0,41
168,calib,0.8549,0.2474,1.0,0.0,0.0,41
169,oracle,0.8946,0.2673,1.0,0.0,0.0,40
169,fixed,0.8946,0.2673,1.0,0.0,0.0,40
169,calib,0.8946,0.2673,1.0,0.0,0.0,40
170,oracle,0.7288,0.1844,1.0,0.0,0.0,36
170,fixed,0.7288,0.1844,1.0,0.0,0.0,36
170,calib,0.7288,0.1844,1.0,0.0,0.0,36
171,oracle,0.5975,0.1188,1.0,0.0,0.0,45
171,fixed,0.5975,0.1188,1.0,0.0,0.0,45
171,calib,0.5975,0.1188,1.0,0.0,0.0,45
172,oracle,0.6922,0.1661,1.0,0.0,0.0,52
172,fixed,0.6922,0.1661,1.0,0.0,0.0,52
172,calib,0.6922,0.1661,1.0,0.0,0.0,52
173,oracle,0.3763,0.0081,1.0,0.0,0.0,42
173,fixed,0.3763,0.0081,0.0,1.0,0.0,0
173,calib,0.3763,0.0081,0.0,1.0,0.0,0
174,oracle,0.7985,0.2193,1.0,0.0,0.0,38
174,fixed,0.7985,0.2193,1.0,0.0,0.0,38
174,calib,0.7985,0.2193,1.0,0.0,0.0,38
175,oracle,0.3606,0.0003,0.0,0.0,1.0,8
175,fixed,0.3606,0.0003,0.0,1.0,0.0,0
175,calib,0.3606,0.0003,0.0,1.0,0.0,0
176,oracle,0.7823,0.2112,1.0,0.0,0.0,42
176,fixed,0.7823,0.2112,1.0,0.0,0.0,42
176,calib,0.7823,0.2112,1.0,0.0,0.0,42
177,oracle,0.8086,0.2243,1.0,0.0,0.0,49
177,fixed,0.8086,0.2243,1.0,0.0,0.0,49
177,calib,0.8086,0.2243,1.0,0.0,0.0,49
178,oracle,0.5494,0.0947,1.0,0.0,0.0,39
178,fixed,0.5494,0.0947,0.0,1.0,0.0,0
178,calib,0.5494,0.0947,1.0,0.0,0.0,39
179,oracle,0.8075,0.2238,1.0,0.0,0.0,40
179,fixed,0.8075,0.2238,1.0,0.0,0.0,40
179,calib,0.8075,0.2238,1.0,0.0,0.0,40
180,oracle,0.5307,0.0854,1.0,0.0,0.0,58
180,fixed,0.5307,0.0854,0.0,1.0,0.0,0
180,calib,0.5307,0.0854,1.0,0.0,0.0,58
181,oracle,0.8153,0.2276,1.0,0.0,0.0,59
181,fixed,0.8153,0.2276,1.0,0.0,0.0,59
181,calib,0.8153,0.2276,1.0,0.0,0.0,59
182,oracle,0.711,0.1755,1.0,0.0,0.0,59
182,fixed,0.711,0.1755,1.0,0.0,0.0,59
182,calib,0.711,0.1755,1.0,0.0,0.0,59
183,oracle,0.6841,0.1621,1.0,0.0,0.0,50
183,fixed,0.6841,0.1621,1.0,0.0,0.0,50
183,calib,0.6841,0.1621,1.0,0.0,0.0,50
184,oracle,0.7399,0.1899,1.0,0.0,0.0,41
184,fixed,0.7399,0.1899,1.0,0.0,0.0,41
184,calib,0.7399,0.1899,1.0,0.0,0.0,41
185,oracle,0.3918,0.0159,1.0,0.0,0.0,56
185,fixed,0.3918,0.0159,0.0,1.0,0.0,0
185,calib,0.3918,0.0159,0.0,1.0,0.0,0
186,oracle,0.5394,0.0897,1.0,0.0,0.0,54
186,fixed,0.5394,0.0897,0.0,1.0,0.0,0
186,calib,0.5394,0.0897,1.0,0.0,0.0,54
187,oracle,0.6709,0.1554,1.0,0.0,0.0,57
187,fixed,0.6709,0.1554,1.0,0.0,0.0,57
187,calib,0.6709,0.1554,1.0,0.0,0.0,57
188,oracle,0.387,0.0135,1.0,0.0,0.0,48
188,fixed,0.387,0.0135,0.0,1.0,0.0,0
188,calib,0.387,0.0135,0.0,1.0,0.0,0
189,oracle,0.8764,0.2582,1.0,0.0,0.0,53
189,fixed,0.8764,0.2582,1.0,0.0,0.0,53
189,calib,0.8764,0.2582,1.0,0.0,0.0,53
190,oracle,0.3914,0.0157,1.0,0.0,0.0,60
190,fixed,0.3914,0.0157,0.0,1.0,0.0,0
190,calib,0.3914,0.0157,0.0,1.0,0.0,0
191,oracle,0.7089,0.1744,1.0,0.0,0.0,45
191,fixed,0.7089,0.1744,1.0,0.0,0.0,45
191,calib,0.7089,0.1744,1.0,0.0,0.0,45
192,oracle,0.8073,0.2237,1.0,0.0,0.0,47
192,fixed,0.8073,0.2237,1.0,0.0,0.0,47
192,calib,0.8073,0.2237,1.0,0.0,0.0,47
193,oracle,0.5976,0.1188,1.0,0.0,0.0,41
193,fixed,0.5976,0.1188,1.0,0.0,0.0,41
193,calib,0.5976,0.1188,1.0,0.0,0.0,41
194,oracle,0.8846,0.2623,1.0,0.0,0.0,57
194,fixed,0.8846,0.2623,1.0,0.0,0.0,57
194,calib,0.8846,0.2623,1.0,0.0,0.0,57
195,oracle,0.7479,0.1939,1.0,0.0,0.0,56
195,fixed,0.7479,0.1939,1.0,0.0,0.0,56
195,calib,0.7479,0.1939,1.0,0.0,0.0,56
196,oracle,0.4318,0.0359,1.0,0.0,0.0,62
196,fixed,0.4318,0.0359,0.0,1.0,0.0,0
196,calib,0.4318,0.0359,1.0,0.0,0.0,62
197,oracle,0.8911,0.2656,1.0,0.0,0.0,44
197,fixed,0.8911,0.2656,1.0,0.0,0.0,44
197,calib,0.8911,0.2656,1.0,0.0,0.0,44
198,oracle,0.3974,0.0187,1.0,0.0,0.0,46
198,fixed,0.3974,0.0187,0.0,1.0,0.0,0
198,calib,0.3974,0.0187,1.0,0.0,0.0,46
199,oracle,0.8795,0.2598,1.0,0.0,0.0,43
199,fixed,0.8795,0.2598,1.0,0.0,0.0,43
199,calib,0.8795,0.2598,1.0,0.0,0.0,43
200,oracle,0.8157,0.2279,1.0,0.0,0.0,35
200,fixed,0.8157,0.2279,1.0,0.0,0.0,35
200,calib,0.8157,0.2279,1.0,0.0,0.0,35
201,oracle,0.3969,0.0184,1.0,0.0,0.0,40
201,fixed,0.3969,0.0184,0.0,1.0,0.0,0
201,calib,0.3969,0.0184,1.0,0.0,0.0,40
202,oracle,0.6953,0.1676,1.0,0.0,0.0,50
202,fixed,0.6953,0.1676,1.0,0.0,0.0,50
202,calib,0.6953,0.1676,1.0,0.0,0.0,50
203,oracle,0.5203,0.0802,1.0,0.0,0.0,55
203,fixed,0.5203,0.0802,0.0,1.0,0.0,0
203,calib,0.5203,0.0802,1.0,0.0,0.0,55
204,oracle,0.5361,0.088,1.0,0.0,0.0,43
204,fixed,0.5361,0.088,0.0,1.0,0.0,0
204,calib,0.5361,0.088,1.0,0.0,0.0,43
205,oracle,0.8793,0.2597,1.0,0.0,0.0,41
205,fixed,0.8793,0.2597,1.0,0.0,0.0,41
205,calib,0.8793,0.2597,1.0,0.0,0.0,41
206,oracle,0.679,0.1595,1.0,0.0,0.0,49
206,fixed,0.679,0.1595,1.0,0.0,0.0,49
206,calib,0.679,0.1595,1.0,0.0,0.0,49
207,oracle,0.8263,0.2331,1.0,0.0,0.0,51
207,fixed,0.8263,0.2331,1.0,0.0,0.0,51
207,calib,0.8263,0.2331,1.0,0.0,0.0,51
208,oracle,0.7714,0.2057,1.0,0.0,0.0,45
208,fixed,0.7714,0.2057,1.0,0.0,0.0,45
208,calib,0.7714,0.2057,1.0,0.0,0.0,45
209,oracle,0.6779,0.159,1.0,0.0,0.0,43
209,fixed,0.6779,0.159,1.0,0.0,0.0,43
209,calib,0.6779,0.159,1.0,0.0,0.0,43
210,oracle,0.6498,0.1449,1.0,0.0,0.0,53
210,fixed,0.6498,0.1449,1.0,0.0,0.0,53
210,calib,0.6498,0.1449,1.0,0.0,0.0,53
211,oracle,0.8944,0.2672,1.0,0.0,0.0,43
211,fixed,0.8944,0.2672,1.0,0.0,0.0,43
211,calib,0.8944,0.2672,1.0,0.0,0.0,43
212,oracle,0.5781,0.109,1.0,0.0,0.0,56
212,fixed,0.5781,0.109,1.0,0.0,0.0,56
212,calib,0.5781,0.109,1.0,0.0,0.0,56
213,oracle,0.7929,0.2164,1.0,0.0,0.0,44
213,fixed,0.7929,0.2164,1.0,0.0,0.0,44
213,calib,0.7929,0.2164,1.0,0.0,0.0,44
214,oracle,0.7055,0.1728,1.0,0.0,0.0,41
214,fixed,0.7055,0.1728,1.0,0.0,0.0,41
214,calib,0.7055,0.1728,1.0,0.0,0.0,41
215,oracle,0.8724,0.2562,1.0,0.0,0.0,57
215,fixed,0.8724,0.2562,1.0,0.0,0.0,57
215,calib,0.8724,0.2562,1.0,0.0,0.0,57
216,oracle,0.8851,0.2626,1.0,0.0,0.0,45
216,fixed,0.8851,0.2626,1.0,0.0,0.0,45
216,calib,0.8851,0.2626,1.0,0.0,0.0,45
217,oracle,0.813,0.2265,1.0,0.0,0.0,38
217,fixed,0.813,0.2265,1.0,0.0,0.0,38
217,calib,0.813,0.2265,1.0,0.0,0.0,38
218,oracle,0.8412,0.2406,1.0,0.0,0.0,54
218,fixed,0.8412,0.2406,1.0,0.0,0.0,54
218,calib,0.8412,0.2406,1.0,0.0,0.0,54
219,oracle,0.5685,0.1043,0.0,0.0,1.0,9
219,fixed,0.5685,0.1043,0.0,0.0,1.0,9
219,calib,0.5685,0.1043,0.0,0.0,1.0,9
220,oracle,0.7019,0.171,1.0,0.0,0.0,43
220,fixed,0.7019,0.171,1.0,0.0,0.0,43
220,calib,0.7019,0.171,1.0,0.0,0.0,43
221,oracle,0.76,0.2,1.0,0.0,0.0,49
221,fixed,0.76,0.2,1.0,0.0,0.0,49
221,calib,0.76,0.2,1.0,0.0,0.0,49
222,oracle,0.7194,0.1797,1.0,0.0,0.0,59
222,fixed,0.7194,0.1797,1.0,0.0,0.0,59
222,calib,0.7194,0.1797,1.0,0.0,0.0,59
223,oracle,0.513,0.0765,1.0,0.0,0.0,58
223,fixed,0.513,0.0765,0.0,1.0,0.0,0
223,calib,0.513,0.0765,1.0,0.0,0.0,58
224,oracle,0.6022,0.1211,1.0,0.0,0.0,59
224,fixed,0.6022,0.1211,1.0,0.0,0.0,59
224,calib,0.6022,0.1211,1.0,0.0,0.0,59
225,oracle,0.7003,0.1702,1.0,0.0,0.0,60
225,fixed,0.7003,0.1702,1.0,0.0,0.0,60
225,calib,0.7003,0.1702,1.0,0.0,0.0,60
226,oracle,0.4822,0.0611,1.0,0.0,0.0,53
226,fixed,0.4822,0.0611,0.0,1.0,0.0,0
226,calib,0.4822,0.0611,1.0,0.0,0.0,53
227,oracle,0.7292,0.1846,1.0,0.0,0.0,43
227,fixed,0.7292,0.1846,1.0,0.0,0.0,43
227,calib,0.7292,0.1846,1.0,0.0,0.0,43
228,oracle,0.4482,0.0441,1.0,0.0,0.0,55
228,fixed,0.4482,0.0441,0.0,1.0,0.0,0
228,calib,0.4482,0.0441,1.0,0.0,0.0,55
229,oracle,0.5143,0.0771,1.0,0.0,0.0,45
229,fixed,0.5143,0.0771,0.0,1.0,0.0,0
229,calib,0.5143,0.0771,1.0,0.0,0.0,45
230,oracle,0.585,0.1125,1.0,0.0,0.0,56
230,fixed,0.585,0.1125,1.0,0.0,0.0,56
230,calib,0.585,0.1125,1.0,0.0,0.0,56
231,oracle,0.391,0.0155,1.0,0.0,0.0,48
231,fixed,0.391,0.0155,0.0,1.0,0.0,0
231,calib,0.391,0.0155,1.0,0.0,0.0,48
232,oracle,0.5285,0.0843,1.0,0.0,0.0,54
232,fixed,0.5285,0.0843,0.0,1.0,0.0,0
232,calib,0.5285,0.0843,1.0,0.0,0.0,54
233,oracle,0.8297,0.2349,1.0,0.0,0.0,56
233,fixed,0.8297,0.2349,1.0,0.0,0.0,56
233,calib,0.8297,0.2349,1.0,0.0,0.0,56
234,oracle,0.7159,0.1779,1.0,0.0,0.0,43
234,fixed,0.7159,0.1779,1.0,0.0,0.0,43
234,calib,0.7159,0.1779,1.0,0.0,0.0,43
235,oracle,0.6311,0.1355,1.0,0.0,0.0,57
235,fixed,0.6311,0.1355,1.0,0.0,0.0,57
235,calib,0.6311,0.1355,1.0,0.0,0.0,57
236,oracle,0.5452,0.0926,1.0,0.0,0.0,51
236,fixed,0.5452,0.0926,0.0,1.0,0.0,0
236,calib,0.5452,0.0926,1.0,0.0,0.0,51
237,oracle,0.5802,0.1101,1.0,0.0,0.0,49
237,fixed,0.5802,0.1101,1.0,0.0,0.0,49
237,calib,0.5802,0.1101,1.0,0.0,0.0,49
238,oracle,0.7731,0.2065,1.0,0.0,0.0,49
238,fixed,0.7731,0.2065,1.0,0.0,0.0,49
238,calib,0.7731,0.2065,1.0,0.0,0.0,49
239,oracle,0.4855,0.0627,1.0,0.0,0.0,42
239,fixed,0.4855,0.0627,0.0,1.0,0.0,0
239,calib,0.4855,0.0627,1.0,0.0,0.0,42
240,oracle,0.6575,0.1487,1.0,0.0,0.0,40
240,fixed,0.6575,0.1487,1.0,0.0,0.0,40
240,calib,0.6575,0.1487,1.0,0.0,0.0,40
241,oracle,0.8948,0.2674,1.0,0.0,0.0,58
241,fixed,0.8948,0.2674,1.0,0.0,0.0,58
241,calib,0.8948,0.2674,1.0,0.0,0.0,58
242,oracle,0.4603,0.0502,1.0,0.0,0.0,40
242,fixed,0.4603,0.0502,0.0,1.0,0.0,0
242,calib,0.4603,0.0502,1.0,0.0,0.0,40
243,oracle,0.7923,0.2161,1.0,0.0,0.0,55
243,fixed,0.7923,0.2161,1.0,0.0,0.0,55
243,calib,0.7923,0.2161,1.0,0.0,0.0,55
244,oracle,0.6994,0.1697,1.0,0.0,0.0,40
244,fixed,0.6994,0.1697,1.0,0.0,0.0,40
244,calib,0.6994,0.1697,1.0,0.0,0.0,40
245,oracle,0.729,0.1845,1.0,0.0,0.0,48
245,fixed,0.729,0.1845,1.0,0.0,0.0,48
245,calib,0.729,0.1845,1.0,0.0,0.0,48
246,oracle,0.4252,0.0326,0.0,0.0,1.0,8
246,fixed,0.4252,0.0326,0.0,1.0,0.0,0
246,calib,0.4252,0.0326,0.0,0.0,1.0,8
247,oracle,0.4854,0.0627,1.0,0.0,0.0,55
247,fixed,0.4854,0.0627,0.0,1.0,0.0,0
247,calib,0.4854,0.0627,1.0,0.0,0.0,55
248,oracle,0.7507,0.1953,1.0,0.0,0.0,57
248,fixed,0.7507,0.1953,1.0,0.0,0.0,57
248,calib,0.7507,0.1953,1.0,0.0,0.0,57
249,oracle,0.382,0.011,1.0,0.0,0.0,50
249,fixed,0.382,0.011,0.0,1.0,0.0,0
249,calib,0.382,0.011,0.0,1.0,0.0,0
250,oracle,0.4532,0.0466,1.0,0.0,0.0,51
250,fixed,0.4532,0.0466,0.0,1.0,0.0,0
250,calib,0.4532,0.0466,1.0,0.0,0.0,51
251,oracle,0.6003,0.1202,1.0,0.0,0.0,43
251,fixed,0.6003,0.1202,1.0,0.0,0.0,43
251,calib,0.6003,0.1202,1.0,0.0,0.0,43
252,oracle,0.7468,0.1934,1.0,0.0,0.0,51
252,fixed,0.7468,0.1934,1.0,0.0,0.0,51
252,calib,0.7468,0.1934,1.0,0.0,0.0,51
253,oracle,0.5645,0.1022,1.0,0.0,0.0,50
253,fixed,0.5645,0.1022,1.0,0.0,0.0,50
253,calib,0.5645,0.1022,1.0,0.0,0.0,50
254,oracle,0.6848,0.1624,1.0,0.0,0.0,47
254,fixed,0.6848,0.1624,1.0,0.0,0.0,47
254,calib,0.6848,0.1624,1.0,0.0,0.0,47
255,oracle,0.7625,0.2012,1.0,0.0,0.0,53
255,fixed,0.7625,0.2012,1.0,0.0,0.0,53
255,calib,0.7625,0.2012,1.0,0.0,0.0,53
256,oracle,0.5884,0.1142,1.0,0.0,0.0,48
256,fixed,0.5884,0.1142,1.0,0.0,0.0,48
256,calib,0.5884,0.1142,1.0,0.0,0.0,48
257,oracle,0.7925,0.2162,1.0,0.0,0.0,44
257,fixed,0.7925,0.2162,1.0,0.0,0.0,44
257,calib,0.7925,0.2162,1.0,0.0,0.0,44
258,oracle,0.4038,0.0219,1.0,0.0,0.0,52
258,fixed,0.4038,0.0219,0.0,1.0,0.0,0
258,calib,0.4038,0.0219,1.0,0.0,0.0,52
259,oracle,0.6757,0.1579,1.0,0.0,0.0,52
259,fixed,0.6757,0.1579,1.0,0.0,0.0,52
259,calib,0.6757,0.1579,1.0,0.0,0.0,52
260,oracle,0.6947,0.1673,1.0,0.0,0.0,40
260,fixed,0.6947,0.1673,1.0,0.0,0.0,40
260,calib,0.6947,0.1673,1.0,0.0,0.0,40
261,oracle,0.7813,0.2106,1.0,0.0,0.0,54
261,fixed,0.7813,0.2106,1.0,0.0,0.0,54
261,calib,0.7813,0.2106,1.0,0.0,0.0,54
262,oracle,0.8636,0.2518,1.0,0.0,0.0,48
262,fixed,0.8636,0.2518,1.0,0.0,0.0,48
262,calib,0.8636,0.2518,1.0,0.0,0.0,48
263,oracle,0.3636,0.0018,0.0,0.0,1.0,8
263,fixed,0.3636,0.0018,0.0,1.0,0.0,0
263,calib,0.3636,0.0018,0.0,1.0,0.0,0
264,oracle,0.4486,0.0443,0.0,0.0,1.0,8
264,fixed,0.4486,0.0443,0.0,1.0,0.0,0
264,calib,0.4486,0.0443,0.0,0.0,1.0,8
265,oracle,0.5576,0.0988,1.0,0.0,0.0,46
265,fixed,0.5576,0.0988,0.0,1.0,0.0,0
265,calib,0.5576,0.0988,1.0,0.0,0.0,46
266,oracle,0.7974,0.2187,1.0,0.0,0.0,36
266,fixed,0.7974,0.2187,1.0,0.0,0.0,36
266,calib,0.7974,0.2187,1.0,0.0,0.0,36
267,oracle,0.8503,0.2451,1.0,0.0,0.0,52
267,fixed,0.8503,0.2451,1.0,0.0,0.0,52
267,calib,0.8503,0.2451,1.0,0.0,0.0,52
268,oracle,0.7747,0.2074,1.0,0.0,0.0,43
268,fixed,0.7747,0.2074,1.0,0.0,0.0,43
268,calib,0.7747,0.2074,1.0,0.0,0.0,43
269,oracle,0.3901,0.015,0.0,0.0,1.0,12
269,fixed,0.3901,0.015,0.0,1.0,0.0,0
269,calib,0.3901,0.015,0.0,1.0,0.0,0
270,oracle,0.6185,0.1293,1.0,0.0,0.0,55
270,fixed,0.6185,0.1293,1.0,0.0,0.0,55
270,calib,0.6185,0.1293,1.0,0.0,0.0,55
271,oracle,0.5861,0.1131,1.0,0.0,0.0,59
271,fixed,0.5861,0.1131,1.0,0.0,0.0,59
271,calib,0.5861,0.1131,1.0,0.0,0.0,59
272,oracle,0.4325,0.0362,1.0,0.0,0.0,46
272,fixed,0.4325,0.0362,0.0,1.0,0.0,0
272,calib,0.4325,0.0362,1.0,0.0,0.0,46
273,oracle,0.7012,0.1706,1.0,0.0,0.0,50
273,fixed,0.7012,0.1706,1.0,0.0,0.0,50
273,calib,0.7012,0.1706,1.0,0.0,0.0,50
274,oracle,0.8714,0.2557,1.0,0.0,0.0,51
274,fixed,0.8714,0.2557,1.0,0.0,0.0,51
274,calib,0.8714,0.2557,1.0,0.0,0.0,51
275,oracle,0.6377,0.1389,1.0,0.0,0.0,50
275,fixed,0.6377,0.1389,1.0,0.0,0.0,50
275,calib,0.6377,0.1389,1.0,0.0,0.0,50
276,oracle,0.696,0.168,1.0,0.0,0.0,51
276,fixed,0.696,0.168,1.0,0.0,0.0,51
276,calib,0.696,0.168,1.0,0.0,0.0,51
277,oracle,0.8136,0.2268,1.0,0.0,0.0,47
277,fixed,0.8136,0.2268,1.0,0.0,0.0,47
277,calib,0.8136,0.2268,1.0,0.0,0.0,47
278,oracle,0.6932,0.1666,1.0,0.0,0.0,45
278,fixed,0.6932,0.1666,1.0,0.0,0.0,45
278,calib,0.6932,0.1666,1.0,0.0,0.0,45
279,oracle,0.5135,0.0767,1.0,0.0,0.0,56
279,fixed,0.5135,0.0767,0.0,1.0,0.0,0
279,calib,0.5135,0.0767,1.0,0.0,0.0,56
280,oracle,0.6717,0.1559,1.0,0.0,0.0,62
280,fixed,0.6717,0.1559,1.0,0.0,0.0,62
280,calib,0.6717,0.1559,1.0,0.0,0.0,62
281,oracle,0.5569,0.0984,1.0,0.0,0.0,42
281,fixed,0.5569,0.0984,0.0,1.0,0.0,0
281,calib,0.5569,0.0984,1.0,0.0,0.0,42
282,oracle,0.3962,0.0181,0.0,0.0,1.0,10
282,fixed,0.3962,0.0181,0.0,1.0,0.0,0
282,calib,0.3962,0.0181,0.0,1.0,0.0,0
283,oracle,0.5799,0.1099,1.0,0.0,0.0,39
283,fixed,0.5799,0.1099,1.0,0.0,0.0,39
283,calib,0.5799,0.1099,1.0,0.0,0.0,39
284,oracle,0.7986,0.2193,1.0,0.0,0.0,45
284,fixed,0.7986,0.2193,1.0,0.0,0.0,45
284,calib,0.7986,0.2193,1.0,0.0,0.0,45
285,oracle,0.5134,0.0767,1.0,0.0,0.0,42
285,fixed,0.5134,0.0767,0.0,1.0,0.0,0
285,calib,0.5134,0.0767,1.0,0.0,0.0,42
286,oracle,0.4418,0.0409,1.0,0.0,0.0,52
286,fixed,0.4418,0.0409,0.0,1.0,0.0,0
286,calib,0.4418,0.0409,1.0,0.0,0.0,52
287,oracle,0.4735,0.0568,1.0,0.0,0.0,59
287,fixed,0.4735,0.0568,0.0,1.0,0.0,0
287,calib,0.4735,0.0568,1.0,0.0,0.0,59
288,oracle,0.8906,0.2653,1.0,0.0,0.0,42
288,fixed,0.8906,0.2653,1.0,0.0,0.0,42
288,calib,0.8906,0.2653,1.0,0.0,0.0,42
289,oracle,0.6327,0.1364,1.0,0.0,0.0,40
289,fixed,0.6327,0.1364,1.0,0.0,0.0,40
289,calib,0.6327,0.1364,1.0,0.0,0.0,40
290,oracle,0.6147,0.1274,1.0,0.0,0.0,41
290,fixed,0.6147,0.1274,1.0,0.0,0.0,41
290,calib,0.6147,0.1274,1.0,0.0,0.0,41
291,oracle,0.8361,0.238,1.0,0.0,0.0,61
291,fixed,0.8361,0.238,1.0,0.0,0.0,61
291,calib,0.8361,0.238,1.0,0.0,0.0,61
292,oracle,0.4562,0.0481,1.0,0.0,0.0,52
292,fixed,0.4562,0.0481,0.0,1.0,0.0,0
292,calib,0.4562,0.0481,1.0,0.0,0.0,52
293,oracle,0.8418,0.2409,1.0,0.0,0.0,39
293,fixed,0.8418,0.2409,1.0,0.0,0.0,39
293,calib,0.8418,0.2409,1.0,0.0,0.0,39
294,oracle,0.5431,0.0915,1.0,0.0,0.0,57
294,fixed,0.5431,0.0915,0.0,1.0,0.0,0
294,calib,0.5431,0.0915,1.0,0.0,0.0,57
295,oracle,0.5053,0.0727,1.0,0.0,0.0,42
295,fixed,0.5053,0.0727,0.0,1.0,0.0,0
295,calib,0.5053,0.0727,1.0,0.0,0.0,42
296,oracle,0.7114,0.1757,1.0,0.0,0.0,46
296,fixed,0.7114,0.1757,1.0,0.0,0.0,46
296,calib,0.7114,0.1757,1.0,0.0,0.0,46
297,oracle,0.382,0.011,0.0,0.0,1.0,11
297,fixed,0.382,0.011,0.0,1.0,0.0,0
297,calib,0.382,0.011,0.0,1.0,0.0,0
298,oracle,0.6011,0.1206,1.0,0.0,0.0,46
298,fixed,0.6011,0.1206,1.0,0.0,0.0,46
298,calib,0.6011,0.1206,1.0,0.0,0.0,46
299,oracle,0.4508,0.0454,0.0,0.0,1.0,10
299,fixed,0.4508,0.0454,0.0,1.0,0.0,0
299,calib,0.4508,0.0454,0.0,0.0,1.0,10
