steps,success,collision,stuck,near_collision,min_clearance,recover_triggers,episode_id,difficulty,body_margin,heading_perturb_deg,variant
37,1.0,0.0,0.0,1.0,-0.13338011503219604,0,hm3d_narrow_000083,narrow,0.0211,60.0,full
44,1.0,0.0,0.0,1.0,-0.13384658098220825,0,hm3d_narrow_000078,narrow,0.0401,60.0,full
54,1.0,0.0,0.0,1.0,-0.14808444678783417,0,hm3d_narrow_000086,narrow,0.0096,60.0,full
69,1.0,0.0,0.0,1.0,-0.15160785615444183,0,hm3d_narrow_000140,narrow,0.0217,60.0,full
116,1.0,0.0,0.0,1.0,-0.11001231521368027,0,hm3d_narrow_000147,narrow,0.0089,60.0,full
70,1.0,0.0,0.0,1.0,-0.13530495762825012,0,hm3d_narrow_000143,narrow,0.0335,60.0,full
54,1.0,0.0,0.0,1.0,-0.14954045414924622,0,hm3d_narrow_000138,narrow,0.0062,60.0,full
39,1.0,0.0,0.0,1.0,-0.15959051251411438,0,hm3d_narrow_000137,narrow,0.0475,60.0,full
45,1.0,0.0,0.0,1.0,-0.1467541754245758,0,hm3d_narrow_000132,narrow,0.0106,60.0,full
33,1.0,0.0,0.0,1.0,-0.09736857563257217,0,hm3d_narrow_000053,narrow,0.0264,60.0,full
46,1.0,0.0,0.0,1.0,-0.12438641488552094,0,hm3d_narrow_000018,narrow,0.0311,60.0,full
31,1.0,0.0,0.0,1.0,-0.14045464992523193,0,hm3d_narrow_000019,narrow,0.0206,60.0,full
50,1.0,0.0,0.0,1.0,-0.11444646865129471,0,hm3d_narrow_000020,narrow,0.0352,60.0,full
106,1.0,0.0,0.0,1.0,-0.1432369500398636,0,hm3d_narrow_000093,narrow,0.0124,60.0,full
35,1.0,0.0,0.0,1.0,-0.15828849375247955,0,hm3d_narrow_000091,narrow,0.0182,60.0,full
55,1.0,0.0,0.0,1.0,-0.1413266658782959,0,hm3d_narrow_000092,narrow,0.0089,60.0,full
102,1.0,0.0,0.0,1.0,-0.1360306590795517,0,hm3d_narrow_000010,narrow,0.0438,60.0,full
48,1.0,0.0,0.0,1.0,-0.18000000715255737,0,hm3d_narrow_000011,narrow,0.0107,60.0,full
56,1.0,0.0,0.0,1.0,-0.1457144021987915,0,hm3d_narrow_000076,narrow,0.0161,60.0,full
35,1.0,0.0,0.0,1.0,-0.12998245656490326,0,hm3d_narrow_000077,narrow,0.0221,60.0,full
62,1.0,0.0,0.0,1.0,-0.14688000082969666,0,hm3d_narrow_000129,narrow,0.0299,60.0,full
59,1.0,0.0,0.0,1.0,-0.10590027272701263,0,hm3d_narrow_000115,narrow,0.0294,60.0,full
38,1.0,0.0,0.0,1.0,-0.1471787691116333,0,hm3d_narrow_000089,narrow,0.0294,60.0,full
44,1.0,0.0,0.0,1.0,-0.13830839097499847,0,hm3d_narrow_000040,narrow,0.0426,60.0,full
37,1.0,0.0,0.0,1.0,-0.13338011503219604,0,hm3d_narrow_000083,narrow,0.0211,60.0,no_recovery
44,1.0,0.0,0.0,1.0,-0.13384658098220825,0,hm3d_narrow_000078,narrow,0.0401,60.0,no_recovery
54,1.0,0.0,0.0,1.0,-0.14808444678783417,0,hm3d_narrow_000086,narrow,0.0096,60.0,no_recovery
69,1.0,0.0,0.0,1.0,-0.15160785615444183,0,hm3d_narrow_000140,narrow,0.0217,60.0,no_recovery
116,1.0,0.0,0.0,1.0,-0.11001231521368027,0,hm3d_narrow_000147,narrow,0.0089,60.0,no_recovery
70,1.0,0.0,0.0,1.0,-0.13530495762825012,0,hm3d_narrow_000143,narrow,0.0335,60.0,no_recovery
54,1.0,0.0,0.0,1.0,-0.14954045414924622,0,hm3d_narrow_000138,narrow,0.0062,60.0,no_recovery
39,1.0,0.0,0.0,1.0,-0.15959051251411438,0,hm3d_narrow_000137,narrow,0.0475,60.0,no_recovery
45,1.0,0.0,0.0,1.0,-0.1467541754245758,0,hm3d_narrow_000132,narrow,0.0106,60.0,no_recovery
33,1.0,0.0,0.0,1.0,-0.09736857563257217,0,hm3d_narrow_000053,narrow,0.0264,60.0,no_recovery
46,1.0,0.0,0.0,1.0,-0.12438641488552094,0,hm3d_narrow_000018,narrow,0.0311,60.0,no_recovery
31,1.0,0.0,0.0,1.0,-0.14045464992523193,0,hm3d_narrow_000019,narrow,0.0206,60.0,no_recovery
50,1.0,0.0,0.0,1.0,-0.11444646865129471,0,hm3d_narrow_000020,narrow,0.0352,60.0,no_recovery
106,1.0,0.0,0.0,1.0,-0.1432369500398636,0,hm3d_narrow_000093,narrow,0.0124,60.0,no_recovery
35,1.0,0.0,0.0,1.0,-0.15828849375247955,0,hm3d_narrow_000091,narrow,0.0182,60.0,no_recovery
55,1.0,0.0,0.0,1.0,-0.1413266658782959,0,hm3d_narrow_000092,narrow,0.0089,60.0,no_recovery
102,1.0,0.0,0.0,1.0,-0.1360306590795517,0,hm3d_narrow_000010,narrow,0.0438,60.0,no_recovery
48,1.0,0.0,0.0,1.0,-0.18000000715255737,0,hm3d_narrow_000011,narrow,0.0107,60.0,no_recovery
56,1.0,0.0,0.0,1.0,-0.1457144021987915,0,hm3d_narrow_000076,narrow,0.0161,60.0,no_recovery
35,1.0,0.0,0.0,1.0,-0.12998245656490326,0,hm3d_narrow_000077,narrow,0.0221,60.0,no_recovery
62,1.0,0.0,0.0,1.0,-0.14688000082969666,0,hm3d_narrow_000129,narrow,0.0299,60.0,no_recovery
59,1.0,0.0,0.0,1.0,-0.10590027272701263,0,hm3d_narrow_000115,narrow,0.0294,60.0,no_recovery
38,1.0,0.0,0.0,1.0,-0.1471787691116333,0,hm3d_narrow_000089,narrow,0.0294,60.0,no_recovery
44,1.0,0.0,0.0,1.0,-0.13830839097499847,0,hm3d_narrow_000040,narrow,0.0426,60.0,no_recovery
69,0.0,0.0,0.0,1.0,-0.060642462223768234,1,hm3d_narrow_000083,narrow,0.0211,60.0,no_alignment
75,0.0,0.0,0.0,1.0,-0.13614845275878906,1,hm3d_narrow_000078,narrow,0.0401,60.0,no_alignment
170,0.0,0.0,0.0,1.0,-0.16603125631809235,1,hm3d_narrow_000086,narrow,0.0096,60.0,no_alignment
123,0.0,0.0,0.0,1.0,-0.16920752823352814,1,hm3d_narrow_000140,narrow,0.0217,60.0,no_alignment
127,0.0,0.0,0.0,1.0,-0.1679907590150833,1,hm3d_narrow_000147,narrow,0.0089,60.0,no_alignment
295,0.0,0.0,0.0,1.0,-0.16871827840805054,1,hm3d_narrow_000143,narrow,0.0335,60.0,no_alignment
237,0.0,0.0,0.0,1.0,-0.16352173686027527,1,hm3d_narrow_000138,narrow,0.0062,60.0,no_alignment
95,0.0,0.0,0.0,1.0,-0.13886305689811707,1,hm3d_narrow_000137,narrow,0.0475,60.0,no_alignment
63,0.0,0.0,0.0,1.0,-0.15328869223594666,1,hm3d_narrow_000132,narrow,0.0106,60.0,no_alignment
167,0.0,0.0,0.0,1.0,-0.16948449611663818,1,hm3d_narrow_000053,narrow,0.0264,60.0,no_alignment
53,0.0,0.0,0.0,1.0,-0.1098528727889061,1,hm3d_narrow_000018,narrow,0.0311,60.0,no_alignment
164,0.0,0.0,0.0,1.0,-0.14801952242851257,1,hm3d_narrow_000019,narrow,0.0206,60.0,no_alignment
189,0.0,0.0,0.0,1.0,-0.1329641491174698,1,hm3d_narrow_000020,narrow,0.0352,60.0,no_alignment
106,0.0,0.0,0.0,1.0,-0.13010583817958832,1,hm3d_narrow_000093,narrow,0.0124,60.0,no_alignment
177,0.0,0.0,0.0,1.0,-0.16777247190475464,1,hm3d_narrow_000091,narrow,0.0182,60.0,no_alignment
73,0.0,0.0,0.0,1.0,-0.16441546380519867,1,hm3d_narrow_000092,narrow,0.0089,60.0,no_alignment
92,0.0,0.0,0.0,1.0,-0.16688835620880127,1,hm3d_narrow_000010,narrow,0.0438,60.0,no_alignment
184,0.0,0.0,0.0,1.0,-0.18000000715255737,1,hm3d_narrow_000011,narrow,0.0107,60.0,no_alignment
49,0.0,0.0,1.0,1.0,-0.15070220828056335,1,hm3d_narrow_000076,narrow,0.0161,60.0,no_alignment
85,0.0,0.0,0.0,1.0,-0.1610265076160431,1,hm3d_narrow_000077,narrow,0.0221,60.0,no_alignment
128,0.0,0.0,0.0,1.0,-0.16475507616996765,1,hm3d_narrow_000129,narrow,0.0299,60.0,no_alignment
60,0.0,0.0,0.0,1.0,-0.1474432498216629,1,hm3d_narrow_000115,narrow,0.0294,60.0,no_alignment
82,0.0,0.0,0.0,1.0,-0.15881814062595367,1,hm3d_narrow_000089,narrow,0.0294,60.0,no_alignment
130,0.0,0.0,0.0,1.0,-0.13403721153736115,1,hm3d_narrow_000040,narrow,0.0426,60.0,no_alignment
1,0.0,0.0,0.0,1.0,-0.05004953593015671,0,hm3d_narrow_000083,narrow,0.0211,60.0,no_heading_alignment
1,0.0,0.0,0.0,1.0,-0.10372265428304672,0,hm3d_narrow_000078,narrow,0.0401,60.0,no_heading_alignment
1,0.0,0.0,0.0,1.0,-0.08048068732023239,0,hm3d_narrow_000086,narrow,0.0096,60.0,no_heading_alignment
1,0.0,0.0,0.0,1.0,-0.052184201776981354,0,hm3d_narrow_000140,narrow,0.0217,60.0,no_heading_alignment
1,0.0,0.0,0.0,1.0,-0.0222939420491457,0,hm3d_narrow_000147,narrow,0.0089,60.0,no_heading_alignment
1,0.0,0.0,0.0,1.0,-0.03756914660334587,0,hm3d_narrow_000143,narrow,0.0335,60.0,no_heading_alignment
1,0.0,0.0,0.0,1.0,-0.08870195597410202,0,hm3d_narrow_000138,narrow,0.0062,60.0,no_heading_alignment
1,0.0,0.0,0.0,1.0,-0.08443612605333328,0,hm3d_narrow_000137,narrow,0.0475,60.0,no_heading_alignment
1,0.0,0.0,0.0,1.0,-0.13309501111507416,0,hm3d_narrow_000132,narrow,0.0106,60.0,no_heading_alignment
1,0.0,0.0,0.0,1.0,-0.07047002762556076,0,hm3d_narrow_000053,narrow,0.0264,60.0,no_heading_alignment
1,0.0,0.0,0.0,1.0,-0.01842249184846878,0,hm3d_narrow_000018,narrow,0.0311,60.0,no_heading_alignment
1,0.0,0.0,0.0,1.0,-0.12114133685827255,0,hm3d_narrow_000019,narrow,0.0206,60.0,no_heading_alignment
1,0.0,0.0,0.0,1.0,-0.08902552723884583,0,hm3d_narrow_000020,narrow,0.0352,60.0,no_heading_alignment
1,0.0,0.0,0.0,1.0,-0.043925635516643524,0,hm3d_narrow_000093,narrow,0.0124,60.0,no_heading_alignment
1,0.0,0.0,0.0,1.0,-0.07179901003837585,0,hm3d_narrow_000091,narrow,0.0182,60.0,no_heading_alignment
1,0.0,0.0,0.0,1.0,-0.13070151209831238,0,hm3d_narrow_000092,narrow,0.0089,60.0,no_heading_alignment
1,0.0,0.0,0.0,1.0,-0.07844825088977814,0,hm3d_narrow_000010,narrow,0.0438,60.0,no_heading_alignment
1,0.0,0.0,0.0,1.0,-0.07797632366418839,0,hm3d_narrow_000011,narrow,0.0107,60.0,no_heading_alignment
1,0.0,0.0,0.0,1.0,-0.000270937685854733,0,hm3d_narrow_000076,narrow,0.0161,60.0,no_heading_alignment
1,0.0,0.0,0.0,1.0,-0.11155662685632706,0,hm3d_narrow_000077,narrow,0.0221,60.0,no_heading_alignment
1,0.0,0.0,0.0,1.0,-0.11180774122476578,0,hm3d_narrow_000129,narrow,0.0299,60.0,no_heading_alignment
1,0.0,0.0,0.0,1.0,-0.030799267813563347,0,hm3d_narrow_000115,narrow,0.0294,60.0,no_heading_alignment
1,0.0,0.0,0.0,1.0,-0.13135448098182678,0,hm3d_narrow_000089,narrow,0.0294,60.0,no_heading_alignment
1,0.0,0.0,0.0,1.0,-0.09655649960041046,0,hm3d_narrow_000040,narrow,0.0426,60.0,no_heading_alignment
37,1.0,0.0,0.0,1.0,-0.13535264134407043,0,hm3d_narrow_000083,narrow,0.0211,60.0,no_lateral_alignment
44,1.0,0.0,0.0,1.0,-0.13970406353473663,0,hm3d_narrow_000078,narrow,0.0401,60.0,no_lateral_alignment
54,1.0,0.0,0.0,1.0,-0.14731821417808533,0,hm3d_narrow_000086,narrow,0.0096,60.0,no_lateral_alignment
69,1.0,0.0,0.0,1.0,-0.1517217755317688,0,hm3d_narrow_000140,narrow,0.0217,60.0,no_lateral_alignment
116,1.0,0.0,0.0,1.0,-0.11565753072500229,0,hm3d_narrow_000147,narrow,0.0089,60.0,no_lateral_alignment
70,1.0,0.0,0.0,1.0,-0.13523662090301514,0,hm3d_narrow_000143,narrow,0.0335,60.0,no_lateral_alignment
54,1.0,0.0,0.0,1.0,-0.15047042071819305,0,hm3d_narrow_000138,narrow,0.0062,60.0,no_lateral_alignment
39,1.0,0.0,0.0,1.0,-0.15880335867404938,0,hm3d_narrow_000137,narrow,0.0475,60.0,no_lateral_alignment
45,1.0,0.0,0.0,1.0,-0.1467541754245758,0,hm3d_narrow_000132,narrow,0.0106,60.0,no_lateral_alignment
33,1.0,0.0,0.0,1.0,-0.10135054588317871,0,hm3d_narrow_000053,narrow,0.0264,60.0,no_lateral_alignment
46,1.0,0.0,0.0,1.0,-0.12423289567232132,0,hm3d_narrow_000018,narrow,0.0311,60.0,no_lateral_alignment
31,1.0,0.0,0.0,1.0,-0.1447838395833969,0,hm3d_narrow_000019,narrow,0.0206,60.0,no_lateral_alignment
50,1.0,0.0,0.0,1.0,-0.1076829731464386,0,hm3d_narrow_000020,narrow,0.0352,60.0,no_lateral_alignment
106,1.0,0.0,0.0,1.0,-0.13688142597675323,0,hm3d_narrow_000093,narrow,0.0124,60.0,no_lateral_alignment
35,1.0,0.0,0.0,1.0,-0.15935316681861877,0,hm3d_narrow_000091,narrow,0.0182,60.0,no_lateral_alignment
55,1.0,0.0,0.0,1.0,-0.13779443502426147,0,hm3d_narrow_000092,narrow,0.0089,60.0,no_lateral_alignment
102,1.0,0.0,0.0,1.0,-0.13990436494350433,0,hm3d_narrow_000010,narrow,0.0438,60.0,no_lateral_alignment
48,1.0,0.0,0.0,1.0,-0.18000000715255737,0,hm3d_narrow_000011,narrow,0.0107,60.0,no_lateral_alignment
56,1.0,0.0,0.0,1.0,-0.1457144021987915,0,hm3d_narrow_000076,narrow,0.0161,60.0,no_lateral_alignment
35,1.0,0.0,0.0,1.0,-0.12984594702720642,0,hm3d_narrow_000077,narrow,0.0221,60.0,no_lateral_alignment
62,1.0,0.0,0.0,1.0,-0.14633889496326447,0,hm3d_narrow_000129,narrow,0.0299,60.0,no_lateral_alignment
59,1.0,0.0,0.0,1.0,-0.10445297509431839,0,hm3d_narrow_000115,narrow,0.0294,60.0,no_lateral_alignment
38,1.0,0.0,0.0,1.0,-0.1471787691116333,0,hm3d_narrow_000089,narrow,0.0294,60.0,no_lateral_alignment
44,1.0,0.0,0.0,1.0,-0.1429225355386734,0,hm3d_narrow_000040,narrow,0.0426,60.0,no_lateral_alignment
