episode_id,scene_id,difficulty,body_margin,steps,success,collision,stuck,near_collision,min_clearance
hm3d_narrow_000026,00812-mma8eWq3nNQ,narrow,0.0701,500,0.0,0.0,1.0,1.0,-0.1311250776052475
hm3d_narrow_000027,00812-mma8eWq3nNQ,narrow,0.0853,500,0.0,0.0,1.0,1.0,-0.14755012094974518
hm3d_narrow_000025,00812-mma8eWq3nNQ,normal,0.1656,500,0.0,0.0,1.0,1.0,-0.13437388837337494
hm3d_narrow_000029,00812-mma8eWq3nNQ,narrow,0.1041,500,0.0,0.0,1.0,1.0,-0.12860147655010223
hm3d_narrow_000022,00812-mma8eWq3nNQ,narrow,0.0352,500,0.0,0.0,1.0,1.0,-0.14361460506916046
hm3d_narrow_000021,00812-mma8eWq3nNQ,narrow,0.0206,500,0.0,0.0,1.0,1.0,-0.16818146407604218
hm3d_narrow_000024,00812-mma8eWq3nNQ,wide,0.4601,500,0.0,0.0,1.0,1.0,-0.14724865555763245
hm3d_narrow_000023,00812-mma8eWq3nNQ,normal,0.2256,500,0.0,0.0,1.0,1.0,-0.13288253545761108
hm3d_narrow_000020,00812-mma8eWq3nNQ,narrow,0.0311,500,0.0,0.0,1.0,1.0,-0.1555015593767166
hm3d_narrow_000028,00812-mma8eWq3nNQ,narrow,0.0663,500,0.0,0.0,1.0,1.0,-0.15742985904216766
hm3d_narrow_000008,00832-qyAac8rV8Zk,narrow,0.0649,500,0.0,0.0,1.0,1.0,-0.16098254919052124
hm3d_narrow_000004,00832-qyAac8rV8Zk,normal,0.3876,500,0.0,0.0,1.0,1.0,-0.1708042174577713
hm3d_narrow_000005,00832-qyAac8rV8Zk,normal,0.3156,500,0.0,0.0,1.0,1.0,-0.16966202855110168
hm3d_narrow_000001,00832-qyAac8rV8Zk,normal,0.2931,500,0.0,0.0,1.0,1.0,-0.16901996731758118
hm3d_narrow_000009,00832-qyAac8rV8Zk,narrow,0.1024,500,0.0,0.0,1.0,1.0,-0.16996563971042633
hm3d_narrow_000002,00832-qyAac8rV8Zk,narrow,0.0511,500,0.0,0.0,1.0,1.0,-0.1680516004562378
hm3d_narrow_000007,00832-qyAac8rV8Zk,normal,0.2711,500,0.0,0.0,1.0,1.0,-0.17055097222328186
hm3d_narrow_000006,00832-qyAac8rV8Zk,narrow,0.0592,500,0.0,0.0,1.0,1.0,-0.1697825789451599
hm3d_narrow_000003,00832-qyAac8rV8Zk,narrow,0.109,500,0.0,0.0,1.0,1.0,-0.16797766089439392
hm3d_narrow_000000,00832-qyAac8rV8Zk,wide,0.6247,500,0.0,0.0,1.0,1.0,-0.17066127061843872
hm3d_narrow_000011,00879-7Ukhou1GxYi,narrow,0.0438,500,0.0,0.0,1.0,1.0,-0.14183570444583893
hm3d_narrow_000010,00879-7Ukhou1GxYi,narrow,0.0772,500,0.0,0.0,1.0,1.0,-0.15031825006008148
hm3d_narrow_000017,00879-7Ukhou1GxYi,normal,0.2182,500,0.0,0.0,1.0,1.0,-0.12845313549041748
hm3d_narrow_000013,00879-7Ukhou1GxYi,normal,0.3149,500,0.0,0.0,1.0,1.0,-0.18000000715255737
hm3d_narrow_000019,00879-7Ukhou1GxYi,narrow,0.0709,500,0.0,0.0,1.0,1.0,-0.18000000715255737
hm3d_narrow_000014,00879-7Ukhou1GxYi,normal,0.3289,500,0.0,0.0,1.0,1.0,-0.18000000715255737
hm3d_narrow_000016,00879-7Ukhou1GxYi,normal,0.2201,500,0.0,0.0,1.0,1.0,-0.17073722183704376
hm3d_narrow_000018,00879-7Ukhou1GxYi,narrow,0.0938,500,0.0,0.0,1.0,1.0,-0.18000000715255737
hm3d_narrow_000015,00879-7Ukhou1GxYi,normal,0.1825,500,0.0,0.0,1.0,1.0,-0.18000000715255737
hm3d_narrow_000012,00879-7Ukhou1GxYi,narrow,0.0107,500,0.0,0.0,1.0,1.0,-0.18000000715255737
hm3d_narrow_000073,00827-BAbdmeyTvMZ,narrow,0.1413,500,0.0,0.0,1.0,1.0,-0.18000000715255737
hm3d_narrow_000071,00827-BAbdmeyTvMZ,narrow,0.1449,500,0.0,0.0,1.0,1.0,-0.1703309863805771
hm3d_narrow_000078,00827-BAbdmeyTvMZ,narrow,0.0161,500,0.0,0.0,1.0,1.0,-0.16467510163784027
hm3d_narrow_000074,00827-BAbdmeyTvMZ,normal,0.1792,500,0.0,0.0,1.0,1.0,-0.18000000715255737
hm3d_narrow_000076,00827-BAbdmeyTvMZ,normal,0.1925,500,0.0,0.0,1.0,1.0,-0.15746058523654938
hm3d_narrow_000075,00827-BAbdmeyTvMZ,normal,0.1531,500,0.0,0.0,1.0,1.0,-0.12022317200899124
hm3d_narrow_000072,00827-BAbdmeyTvMZ,normal,0.2783,500,0.0,0.0,1.0,1.0,-0.1353430449962616
hm3d_narrow_000077,00827-BAbdmeyTvMZ,narrow,0.1221,500,0.0,0.0,1.0,1.0,-0.16939319670200348
hm3d_narrow_000070,00827-BAbdmeyTvMZ,narrow,0.1377,500,0.0,0.0,1.0,1.0,-0.1695917248725891
hm3d_narrow_000079,00827-BAbdmeyTvMZ,narrow,0.0221,500,0.0,0.0,1.0,1.0,-0.16535048186779022
hm3d_narrow_000123,00862-LT9Jq6dN3Ea,wide,0.5214,500,0.0,0.0,1.0,1.0,-0.17011524736881256
hm3d_narrow_000121,00862-LT9Jq6dN3Ea,normal,0.3339,500,0.0,0.0,1.0,1.0,-0.11702338606119156
hm3d_narrow_000120,00862-LT9Jq6dN3Ea,normal,0.3395,500,0.0,0.0,1.0,1.0,-0.17266204953193665
hm3d_narrow_000114,00862-LT9Jq6dN3Ea,normal,0.3689,500,0.0,0.0,1.0,1.0,-0.11747553199529648
hm3d_narrow_000119,00862-LT9Jq6dN3Ea,normal,0.3254,500,0.0,0.0,1.0,1.0,-0.16116784512996674
hm3d_narrow_000122,00862-LT9Jq6dN3Ea,normal,0.3811,500,0.0,0.0,1.0,1.0,-0.16977648437023163
hm3d_narrow_000115,00862-LT9Jq6dN3Ea,normal,0.3114,500,0.0,0.0,1.0,1.0,-0.1706230640411377
hm3d_narrow_000118,00862-LT9Jq6dN3Ea,narrow,0.1341,500,0.0,0.0,1.0,1.0,-0.1675523817539215
hm3d_narrow_000116,00862-LT9Jq6dN3Ea,normal,0.2413,500,0.0,0.0,1.0,1.0,-0.16951625049114227
hm3d_narrow_000117,00862-LT9Jq6dN3Ea,wide,0.5931,500,0.0,0.0,1.0,1.0,-0.1715945452451706
hm3d_narrow_000097,00861-GLAQ4DNUx5U,narrow,0.0727,500,0.0,0.0,1.0,1.0,-0.1685791164636612
hm3d_narrow_000093,00861-GLAQ4DNUx5U,narrow,0.0456,500,0.0,0.0,1.0,1.0,-0.10725060850381851
hm3d_narrow_000095,00861-GLAQ4DNUx5U,narrow,0.0084,500,0.0,0.0,1.0,1.0,-0.15499259531497955
hm3d_narrow_000092,00861-GLAQ4DNUx5U,normal,0.1973,500,0.0,0.0,1.0,1.0,-0.1700742244720459
hm3d_narrow_000098,00861-GLAQ4DNUx5U,narrow,0.0033,500,0.0,0.0,1.0,1.0,-0.16431288421154022
hm3d_narrow_000096,00861-GLAQ4DNUx5U,narrow,0.1307,500,0.0,0.0,1.0,1.0,-0.16882146894931793
hm3d_narrow_000099,00861-GLAQ4DNUx5U,narrow,0.0164,500,0.0,0.0,0.0,1.0,-0.14178931713104248
hm3d_narrow_000094,00861-GLAQ4DNUx5U,narrow,0.0808,500,0.0,0.0,1.0,1.0,-0.12536995112895966
hm3d_narrow_000153,00897-LEFTm3JecaC,wide,0.4393,500,0.0,0.0,1.0,1.0,-0.1686495691537857
hm3d_narrow_000155,00897-LEFTm3JecaC,wide,0.9153,500,0.0,0.0,1.0,1.0,-0.1674431413412094
hm3d_narrow_000151,00897-LEFTm3JecaC,narrow,0.0217,500,0.0,0.0,1.0,1.0,-0.1700931042432785
hm3d_narrow_000152,00897-LEFTm3JecaC,narrow,0.0792,500,0.0,0.0,1.0,1.0,-0.16901525855064392
hm3d_narrow_000150,00897-LEFTm3JecaC,wide,0.4816,500,0.0,0.0,1.0,1.0,-0.16901269555091858
hm3d_narrow_000156,00897-LEFTm3JecaC,narrow,0.0335,500,0.0,0.0,1.0,1.0,-0.16739019751548767
hm3d_narrow_000154,00897-LEFTm3JecaC,narrow,0.1006,500,0.0,0.0,1.0,1.0,-0.16816864907741547
hm3d_narrow_000080,00874-uSKXQ5fFg6u,narrow,0.0401,500,0.0,0.0,1.0,1.0,-0.12971459329128265
hm3d_narrow_000084,00874-uSKXQ5fFg6u,narrow,0.1049,500,0.0,0.0,1.0,1.0,-0.14009559154510498
hm3d_narrow_000082,00874-uSKXQ5fFg6u,normal,0.2234,500,0.0,0.0,1.0,1.0,-0.1695830225944519
hm3d_narrow_000087,00874-uSKXQ5fFg6u,narrow,0.1092,500,0.0,0.0,1.0,1.0,-0.1694277673959732
hm3d_narrow_000086,00874-uSKXQ5fFg6u,narrow,0.1245,500,0.0,0.0,1.0,1.0,-0.17044779658317566
hm3d_narrow_000081,00874-uSKXQ5fFg6u,narrow,0.0649,500,0.0,0.0,1.0,1.0,-0.1676085889339447
hm3d_narrow_000083,00874-uSKXQ5fFg6u,normal,0.2244,500,0.0,0.0,1.0,1.0,-0.16604648530483246
hm3d_narrow_000088,00874-uSKXQ5fFg6u,narrow,0.0096,500,0.0,0.0,1.0,1.0,-0.17032934725284576
hm3d_narrow_000085,00874-uSKXQ5fFg6u,narrow,0.0211,500,0.0,0.0,1.0,1.0,-0.1415499448776245
hm3d_narrow_000089,00874-uSKXQ5fFg6u,narrow,0.024,500,0.0,0.0,1.0,1.0,-0.1710517406463623
hm3d_narrow_000112,00851-YRUkbU5xsYj,normal,0.2692,500,0.0,0.0,1.0,1.0,-0.15110896527767181
hm3d_narrow_000111,00851-YRUkbU5xsYj,narrow,0.0745,500,0.0,0.0,1.0,1.0,-0.11127954721450806
hm3d_narrow_000105,00851-YRUkbU5xsYj,normal,0.3516,500,0.0,0.0,1.0,1.0,-0.1325414776802063
hm3d_narrow_000106,00851-YRUkbU5xsYj,normal,0.3598,500,0.0,0.0,1.0,1.0,-0.166273832321167
hm3d_narrow_000107,00851-YRUkbU5xsYj,narrow,0.0859,500,0.0,0.0,1.0,1.0,-0.16726665198802948
hm3d_narrow_000113,00851-YRUkbU5xsYj,normal,0.229,500,0.0,0.0,1.0,1.0,-0.1656722128391266
hm3d_narrow_000108,00851-YRUkbU5xsYj,narrow,0.0539,500,0.0,0.0,1.0,1.0,-0.16946794092655182
hm3d_narrow_000109,00851-YRUkbU5xsYj,normal,0.2586,500,0.0,0.0,1.0,1.0,-0.1695868968963623
hm3d_narrow_000110,00851-YRUkbU5xsYj,normal,0.1979,500,0.0,0.0,1.0,1.0,-0.1657669097185135
hm3d_narrow_000125,00865-fsQtJ8t3nTf,narrow,0.0602,500,0.0,0.0,1.0,1.0,-0.13002003729343414
hm3d_narrow_000130,00865-fsQtJ8t3nTf,normal,0.1605,500,0.0,0.0,1.0,1.0,-0.1469816416501999
hm3d_narrow_000128,00865-fsQtJ8t3nTf,narrow,0.1434,500,0.0,0.0,1.0,1.0,-0.17107613384723663
hm3d_narrow_000124,00865-fsQtJ8t3nTf,narrow,0.1318,500,0.0,0.0,1.0,1.0,-0.13108529150485992
hm3d_narrow_000126,00865-fsQtJ8t3nTf,narrow,0.1236,500,0.0,0.0,1.0,1.0,-0.16639572381973267
hm3d_narrow_000127,00865-fsQtJ8t3nTf,narrow,0.0294,500,0.0,0.0,1.0,1.0,-0.17011164128780365
hm3d_narrow_000131,00865-fsQtJ8t3nTf,narrow,0.1439,500,0.0,0.0,1.0,1.0,-0.1676705926656723
hm3d_narrow_000129,00865-fsQtJ8t3nTf,narrow,0.1055,500,0.0,0.0,1.0,1.0,-0.11460957676172256
hm3d_narrow_000040,00836-7GAhQPFzMot,normal,0.1617,500,0.0,0.0,1.0,1.0,-0.1325528472661972
hm3d_narrow_000042,00836-7GAhQPFzMot,narrow,0.0426,500,0.0,0.0,1.0,1.0,-0.11502356082201004
hm3d_narrow_000047,00836-7GAhQPFzMot,normal,0.1521,500,0.0,0.0,1.0,1.0,-0.16786018013954163
hm3d_narrow_000041,00836-7GAhQPFzMot,wide,0.5214,500,0.0,0.0,1.0,1.0,-0.17097832262516022
hm3d_narrow_000046,00836-7GAhQPFzMot,narrow,0.0972,500,0.0,0.0,1.0,1.0,-0.1601683348417282
hm3d_narrow_000043,00836-7GAhQPFzMot,normal,0.2007,500,0.0,0.0,1.0,1.0,-0.1666795015335083
hm3d_narrow_000049,00836-7GAhQPFzMot,wide,0.5861,500,0.0,0.0,1.0,1.0,-0.16664275527000427
hm3d_narrow_000048,00836-7GAhQPFzMot,narrow,0.0935,500,0.0,0.0,1.0,1.0,-0.1687372773885727
hm3d_narrow_000045,00836-7GAhQPFzMot,normal,0.1651,500,0.0,0.0,1.0,1.0,-0.13197405636310577
hm3d_narrow_000044,00836-7GAhQPFzMot,narrow,0.0938,500,0.0,0.0,1.0,1.0,-0.16100668907165527
hm3d_narrow_000034,00885-dVW2D7TDctW,normal,0.3009,500,0.0,0.0,1.0,1.0,-0.17152518033981323
hm3d_narrow_000039,00885-dVW2D7TDctW,normal,0.2361,500,0.0,0.0,1.0,1.0,-0.1637173593044281
hm3d_narrow_000033,00885-dVW2D7TDctW,wide,0.6984,500,0.0,0.0,1.0,1.0,-0.14792169630527496
hm3d_narrow_000035,00885-dVW2D7TDctW,normal,0.1955,500,0.0,0.0,1.0,1.0,-0.168191060423851
hm3d_narrow_000032,00885-dVW2D7TDctW,normal,0.3339,500,0.0,0.0,1.0,1.0,-0.16913220286369324
hm3d_narrow_000038,00885-dVW2D7TDctW,wide,0.4594,500,0.0,0.0,1.0,1.0,-0.14560237526893616
hm3d_narrow_000030,00885-dVW2D7TDctW,wide,0.6088,500,0.0,0.0,1.0,1.0,-0.14268067479133606
hm3d_narrow_000036,00885-dVW2D7TDctW,normal,0.1614,500,0.0,0.0,1.0,1.0,-0.16737936437129974
hm3d_narrow_000031,00885-dVW2D7TDctW,normal,0.294,500,0.0,0.0,1.0,1.0,-0.17005285620689392
hm3d_narrow_000037,00885-dVW2D7TDctW,narrow,0.1172,500,0.0,0.0,1.0,1.0,-0.10496596246957779
hm3d_narrow_000090,00845-c3WKCnkEdha,normal,0.2541,500,0.0,0.0,1.0,1.0,-0.1299961805343628
hm3d_narrow_000091,00845-c3WKCnkEdha,narrow,0.0294,500,0.0,0.0,1.0,1.0,-0.16935330629348755
hm3d_narrow_000148,00853-5cdEh9F2hJL,narrow,0.0062,500,0.0,0.0,1.0,1.0,-0.1344873309135437
hm3d_narrow_000149,00853-5cdEh9F2hJL,narrow,0.1142,500,0.0,0.0,1.0,1.0,-0.147853821516037
hm3d_narrow_000144,00853-5cdEh9F2hJL,narrow,0.0106,500,0.0,0.0,1.0,1.0,-0.15003179013729095
hm3d_narrow_000147,00853-5cdEh9F2hJL,narrow,0.0475,500,0.0,0.0,1.0,1.0,-0.17058317363262177
hm3d_narrow_000146,00853-5cdEh9F2hJL,narrow,0.1268,500,0.0,0.0,1.0,1.0,-0.1631060242652893
hm3d_narrow_000145,00853-5cdEh9F2hJL,wide,0.4735,500,0.0,0.0,1.0,1.0,-0.1078234389424324
hm3d_narrow_000060,00864-QHhQZWdMpGJ,narrow,0.0862,500,0.0,0.0,1.0,1.0,-0.1692741960287094
hm3d_narrow_000062,00864-QHhQZWdMpGJ,narrow,0.1439,500,0.0,0.0,1.0,1.0,-0.16158582270145416
hm3d_narrow_000068,00864-QHhQZWdMpGJ,wide,0.9289,500,0.0,0.0,1.0,1.0,-0.16933941841125488
hm3d_narrow_000066,00864-QHhQZWdMpGJ,narrow,0.0726,500,0.0,0.0,1.0,1.0,-0.16414617002010345
hm3d_narrow_000063,00864-QHhQZWdMpGJ,normal,0.1913,500,0.0,0.0,1.0,1.0,-0.1703549325466156
hm3d_narrow_000065,00864-QHhQZWdMpGJ,normal,0.1642,500,0.0,0.0,1.0,1.0,-0.14823079109191895
hm3d_narrow_000061,00864-QHhQZWdMpGJ,wide,0.831,500,0.0,0.0,1.0,1.0,-0.1663743555545807
hm3d_narrow_000069,00864-QHhQZWdMpGJ,normal,0.2581,500,0.0,0.0,1.0,1.0,-0.16869105398654938
hm3d_narrow_000064,00864-QHhQZWdMpGJ,narrow,0.0729,500,0.0,0.0,1.0,1.0,-0.168551966547966
hm3d_narrow_000067,00864-QHhQZWdMpGJ,wide,1.0308,500,0.0,0.0,1.0,1.0,-0.16017836332321167
hm3d_narrow_000137,00833-dHwjuKfkRUR,narrow,0.1343,500,0.0,0.0,1.0,1.0,-0.1715979278087616
hm3d_narrow_000135,00833-dHwjuKfkRUR,normal,0.1529,500,0.0,0.0,1.0,1.0,-0.1196131631731987
hm3d_narrow_000139,00833-dHwjuKfkRUR,wide,0.5752,500,0.0,0.0,1.0,1.0,-0.15034818649291992
hm3d_narrow_000132,00833-dHwjuKfkRUR,normal,0.2734,500,0.0,0.0,1.0,1.0,-0.16093236207962036
hm3d_narrow_000133,00833-dHwjuKfkRUR,wide,0.4865,500,0.0,0.0,1.0,1.0,-0.16767777502536774
hm3d_narrow_000138,00833-dHwjuKfkRUR,normal,0.3307,500,0.0,0.0,1.0,1.0,-0.1708250194787979
hm3d_narrow_000140,00833-dHwjuKfkRUR,normal,0.3332,500,0.0,0.0,1.0,1.0,-0.17052268981933594
hm3d_narrow_000134,00833-dHwjuKfkRUR,wide,0.7903,500,0.0,0.0,1.0,1.0,-0.1704934537410736
hm3d_narrow_000141,00833-dHwjuKfkRUR,normal,0.2123,500,0.0,0.0,1.0,1.0,-0.16804489493370056
hm3d_narrow_000136,00833-dHwjuKfkRUR,normal,0.3234,500,0.0,0.0,1.0,1.0,-0.16936756670475006
hm3d_narrow_000059,00817-X4qjx5vquwH,wide,0.7829,500,0.0,0.0,1.0,1.0,-0.16842040419578552
hm3d_narrow_000054,00817-X4qjx5vquwH,wide,0.4303,500,0.0,0.0,1.0,1.0,-0.16345666348934174
hm3d_narrow_000056,00817-X4qjx5vquwH,wide,0.814,500,0.0,0.0,1.0,1.0,-0.15730570256710052
hm3d_narrow_000055,00817-X4qjx5vquwH,normal,0.2176,500,0.0,0.0,1.0,1.0,-0.17134305834770203
hm3d_narrow_000051,00817-X4qjx5vquwH,wide,0.446,500,0.0,0.0,1.0,1.0,-0.16545535624027252
hm3d_narrow_000057,00817-X4qjx5vquwH,narrow,0.0264,500,0.0,0.0,1.0,1.0,-0.15375712513923645
hm3d_narrow_000050,00817-X4qjx5vquwH,narrow,0.0709,500,0.0,0.0,1.0,1.0,-0.16875168681144714
hm3d_narrow_000053,00817-X4qjx5vquwH,narrow,0.0995,500,0.0,0.0,1.0,1.0,-0.17013682425022125
hm3d_narrow_000058,00817-X4qjx5vquwH,narrow,0.1435,500,0.0,0.0,1.0,1.0,-0.17084449529647827
hm3d_narrow_000052,00817-X4qjx5vquwH,narrow,0.1488,500,0.0,0.0,1.0,1.0,-0.17149274051189423
hm3d_narrow_000142,00805-SUHsP6z2gcJ,narrow,0.0299,500,0.0,0.0,1.0,1.0,-0.17137254774570465
hm3d_narrow_000143,00805-SUHsP6z2gcJ,narrow,0.0754,500,0.0,0.0,1.0,1.0,-0.10395175218582153
hm3d_narrow_000102,00838-kJJyRFXVpx2,narrow,0.0089,500,0.0,0.0,1.0,1.0,-0.16978663206100464
hm3d_narrow_000101,00838-kJJyRFXVpx2,normal,0.1565,500,0.0,0.0,1.0,1.0,-0.11730492115020752
hm3d_narrow_000103,00838-kJJyRFXVpx2,narrow,0.0124,500,0.0,0.0,1.0,1.0,-0.08820066601037979
hm3d_narrow_000104,00838-kJJyRFXVpx2,normal,0.1874,500,0.0,0.0,1.0,1.0,-0.11845104396343231
hm3d_narrow_000100,00838-kJJyRFXVpx2,narrow,0.0182,500,0.0,0.0,1.0,1.0,-0.0963602364063263
