seed,corridor_type,success,steps
0,narrow_exit,0.0,15
1,s_shaped,0.0,11
2,l_shaped,0.0,16
3,straight,0.0,9
4,false_feasible,0.0,14
5,asymmetric,0.0,10
6,s_shaped,0.0,13
7,narrow_exit,0.0,16
8,l_shaped,0.0,14
9,asymmetric,0.0,17
10,false_feasible,0.0,15
11,straight,0.0,12
12,l_shaped,0.0,15
13,asymmetric,0.0,9
14,asymmetric,0.0,26
15,narrow_exit,0.0,12
16,narrow_exit,0.0,18
17,asymmetric,0.0,12
18,l_shaped,0.0,19
19,s_shaped,0.0,14
20,l_shaped,0.0,11
21,narrow_entry,0.0,11
22,l_shaped,0.0,18
23,narrow_exit,0.0,12
24,l_shaped,0.0,13
25,straight,0.0,10
26,s_shaped,0.0,15
27,narrow_exit,0.0,10
28,asymmetric,0.0,10
29,straight,0.0,13
30,l_shaped,0.0,12
31,false_feasible,0.0,10
32,straight,0.0,12
33,s_shaped,0.0,14
34,straight,0.0,14
35,l_shaped,0.0,13
36,straight,0.0,12
37,narrow_entry,0.0,10
38,s_shaped,0.0,19
39,s_shaped,0.0,13
40,narrow_entry,0.0,12
41,false_feasible,0.0,18
42,narrow_entry,0.0,17
43,narrow_exit,0.0,11
44,straight,0.0,9
45,narrow_exit,0.0,16
46,false_feasible,0.0,23
47,narrow_entry,0.0,10
48,l_shaped,0.0,13
49,l_shaped,0.0,10
50,narrow_entry,0.0,17
51,false_feasible,0.0,21
52,narrow_exit,0.0,10
53,straight,0.0,9
54,l_shaped,0.0,11
55,asymmetric,0.0,11
56,narrow_entry,0.0,14
57,narrow_exit,0.0,12
58,l_shaped,0.0,12
59,narrow_exit,0.0,10
60,l_shaped,0.0,11
61,l_shaped,0.0,12
62,narrow_exit,0.0,12
63,narrow_exit,0.0,12
64,false_feasible,0.0,23
65,straight,0.0,10
66,false_feasible,0.0,12
67,s_shaped,0.0,11
68,s_shaped,0.0,13
69,narrow_exit,0.0,14
70,l_shaped,0.0,15
71,l_shaped,0.0,13
72,asymmetric,0.0,9
73,s_shaped,0.0,10
74,asymmetric,0.0,12
75,l_shaped,0.0,19
76,asymmetric,0.0,10
77,narrow_entry,0.0,9
78,s_shaped,0.0,16
79,false_feasible,0.0,16
80,narrow_entry,0.0,11
81,s_shaped,0.0,10
82,false_feasible,0.0,9
83,l_shaped,0.0,10
84,narrow_entry,0.0,16
85,straight,0.0,15
86,narrow_exit,0.0,9
87,narrow_exit,0.0,13
88,l_shaped,0.0,13
89,narrow_exit,0.0,14
90,l_shaped,0.0,14
91,l_shaped,0.0,20
92,narrow_exit,0.0,11
93,false_feasible,0.0,12
94,l_shaped,0.0,13
95,s_shaped,0.0,13
96,narrow_entry,0.0,10
97,narrow_exit,0.0,11
98,false_feasible,0.0,12
99,s_shaped,0.0,15
100,asymmetric,0.0,17
101,false_feasible,0.0,10
102,straight,0.0,13
103,l_shaped,0.0,15
104,asymmetric,0.0,14
105,narrow_exit,0.0,18
106,false_feasible,0.0,13
107,narrow_exit,0.0,10
108,asymmetric,0.0,15
109,s_shaped,0.0,12
110,false_feasible,0.0,9
111,straight,0.0,13
112,straight,0.0,11
113,straight,0.0,18
114,narrow_entry,0.0,10
115,narrow_entry,0.0,13
116,straight,0.0,14
117,asymmetric,0.0,19
118,false_feasible,0.0,17
119,false_feasible,0.0,12
120,asymmetric,0.0,14
121,narrow_exit,0.0,12
122,asymmetric,0.0,9
123,narrow_exit,0.0,15
124,narrow_entry,0.0,14
125,asymmetric,0.0,20
126,straight,0.0,10
127,straight,0.0,16
128,narrow_exit,0.0,12
129,l_shaped,0.0,13
130,s_shaped,0.0,11
131,narrow_exit,0.0,13
132,straight,0.0,11
133,false_feasible,0.0,16
134,false_feasible,0.0,15
135,s_shaped,0.0,15
136,straight,0.0,18
137,asymmetric,0.0,16
138,narrow_exit,0.0,11
139,s_shaped,0.0,10
140,narrow_exit,0.0,11
141,narrow_entry,0.0,11
142,straight,0.0,14
143,s_shaped,0.0,13
144,narrow_entry,0.0,15
145,narrow_exit,0.0,11
146,asymmetric,0.0,13
147,false_feasible,0.0,24
148,narrow_exit,0.0,12
149,straight,0.0,18
150,straight,0.0,11
151,s_shaped,0.0,11
152,l_shaped,0.0,11
153,false_feasible,0.0,9
154,narrow_exit,0.0,12
155,l_shaped,0.0,10
156,straight,0.0,24
157,l_shaped,0.0,10
158,false_feasible,0.0,16
159,asymmetric,0.0,16
160,narrow_exit,0.0,10
161,s_shaped,0.0,10
162,straight,0.0,9
163,asymmetric,0.0,9
164,straight,0.0,13
165,s_shaped,0.0,13
166,narrow_entry,0.0,10
167,straight,0.0,12
168,l_shaped,0.0,11
169,s_shaped,0.0,16
170,narrow_entry,0.0,15
171,straight,0.0,13
172,straight,0.0,11
173,straight,0.0,13
174,false_feasible,0.0,18
175,narrow_exit,0.0,14
176,false_feasible,0.0,12
177,s_shaped,0.0,14
178,narrow_entry,0.0,9
179,false_feasible,0.0,20
180,narrow_exit,0.0,10
181,narrow_entry,0.0,17
182,straight,0.0,12
183,false_feasible,0.0,13
184,straight,0.0,19
185,l_shaped,0.0,11
186,s_shaped,0.0,14
187,l_shaped,0.0,14
188,straight,0.0,14
189,s_shaped,0.0,11
190,s_shaped,0.0,10
191,false_feasible,0.0,9
192,narrow_exit,0.0,12
193,s_shaped,0.0,15
194,asymmetric,0.0,12
195,straight,0.0,13
196,asymmetric,0.0,12
197,false_feasible,0.0,10
198,narrow_entry,0.0,14
199,narrow_exit,0.0,13
200,narrow_exit,0.0,14
201,false_feasible,0.0,13
202,l_shaped,0.0,12
203,narrow_entry,0.0,20
204,s_shaped,0.0,13
205,false_feasible,0.0,13
206,asymmetric,0.0,18
207,l_shaped,0.0,15
208,false_feasible,0.0,18
209,l_shaped,0.0,17
210,narrow_entry,0.0,11
211,s_shaped,0.0,13
212,narrow_exit,0.0,13
213,narrow_exit,0.0,9
214,straight,0.0,16
215,false_feasible,0.0,23
216,false_feasible,0.0,9
217,asymmetric,0.0,20
218,false_feasible,0.0,12
219,narrow_exit,0.0,12
220,asymmetric,0.0,9
221,s_shaped,0.0,12
222,l_shaped,0.0,13
223,asymmetric,0.0,12
224,s_shaped,0.0,14
225,narrow_exit,0.0,13
226,narrow_exit,0.0,10
227,s_shaped,0.0,14
228,narrow_exit,0.0,10
229,asymmetric,0.0,13
230,straight,0.0,24
231,s_shaped,0.0,11
232,narrow_exit,0.0,12
233,straight,0.0,11
234,asymmetric,0.0,25
235,s_shaped,0.0,10
236,asymmetric,0.0,13
237,s_shaped,0.0,11
238,s_shaped,0.0,17
239,straight,0.0,9
240,narrow_exit,0.0,15
241,l_shaped,0.0,10
242,straight,0.0,13
243,s_shaped,0.0,15
244,straight,0.0,19
245,s_shaped,0.0,10
246,l_shaped,0.0,13
247,narrow_entry,0.0,11
248,narrow_exit,0.0,16
249,false_feasible,0.0,13
250,l_shaped,0.0,10
251,narrow_exit,0.0,11
252,narrow_exit,0.0,11
253,l_shaped,0.0,15
254,s_shaped,0.0,13
255,asymmetric,0.0,9
256,narrow_entry,0.0,10
257,narrow_entry,0.0,16
258,l_shaped,0.0,16
259,narrow_exit,0.0,14
260,false_feasible,0.0,10
261,l_shaped,0.0,18
262,asymmetric,0.0,14
263,l_shaped,0.0,11
264,l_shaped,0.0,12
265,l_shaped,0.0,10
266,l_shaped,0.0,13
267,narrow_exit,0.0,10
268,false_feasible,0.0,13
269,l_shaped,0.0,10
270,l_shaped,0.0,15
271,narrow_entry,0.0,14
272,s_shaped,0.0,14
273,straight,0.0,10
274,false_feasible,0.0,9
275,false_feasible,0.0,15
276,asymmetric,0.0,10
277,s_shaped,0.0,18
278,narrow_exit,0.0,11
279,straight,0.0,11
280,false_feasible,0.0,13
281,s_shaped,0.0,11
282,narrow_exit,0.0,12
283,narrow_entry,0.0,19
284,narrow_exit,0.0,14
285,straight,0.0,12
286,s_shaped,0.0,14
287,asymmetric,0.0,15
288,narrow_entry,0.0,14
289,asymmetric,0.0,12
290,l_shaped,0.0,15
291,straight,0.0,10
292,narrow_entry,0.0,16
293,narrow_exit,0.0,10
294,narrow_exit,0.0,12
295,straight,0.0,14
296,narrow_exit,0.0,13
297,straight,0.0,11
298,s_shaped,0.0,13
299,narrow_entry,0.0,13
300,narrow_exit,0.0,12
301,s_shaped,0.0,11
302,narrow_entry,0.0,16
303,l_shaped,0.0,12
304,narrow_exit,0.0,11
305,narrow_entry,0.0,17
306,straight,0.0,11
307,narrow_exit,0.0,16
308,narrow_exit,0.0,13
309,l_shaped,0.0,11
310,s_shaped,0.0,17
311,straight,0.0,11
312,s_shaped,0.0,13
313,narrow_exit,0.0,11
314,false_feasible,0.0,15
315,narrow_entry,0.0,14
316,false_feasible,0.0,18
317,false_feasible,0.0,15
318,false_feasible,0.0,15
319,l_shaped,0.0,13
320,asymmetric,0.0,18
321,narrow_exit,0.0,11
322,l_shaped,0.0,14
323,l_shaped,0.0,16
324,l_shaped,0.0,10
325,s_shaped,0.0,12
326,straight,0.0,22
327,narrow_exit,0.0,14
328,false_feasible,0.0,23
329,l_shaped,0.0,11
330,false_feasible,0.0,12
331,l_shaped,0.0,13
332,straight,0.0,12
333,false_feasible,0.0,20
334,s_shaped,0.0,12
335,l_shaped,0.0,14
336,false_feasible,0.0,13
337,straight,0.0,20
338,narrow_entry,0.0,9
339,l_shaped,0.0,11
340,asymmetric,0.0,9
341,narrow_exit,0.0,11
342,narrow_exit,0.0,9
343,narrow_entry,0.0,23
344,narrow_exit,0.0,10
345,narrow_exit,0.0,13
346,l_shaped,0.0,11
347,l_shaped,0.0,17
348,l_shaped,0.0,14
349,l_shaped,0.0,10
350,asymmetric,0.0,10
351,narrow_exit,0.0,13
352,l_shaped,0.0,19
353,narrow_entry,0.0,9
354,narrow_exit,0.0,18
355,l_shaped,0.0,12
356,l_shaped,0.0,17
357,l_shaped,0.0,10
358,narrow_exit,0.0,11
359,s_shaped,0.0,15
360,false_feasible,0.0,14
361,l_shaped,0.0,12
362,straight,0.0,11
363,false_feasible,0.0,21
364,straight,0.0,12
365,narrow_entry,0.0,9
366,straight,0.0,10
367,l_shaped,0.0,10
368,l_shaped,0.0,13
369,narrow_entry,0.0,10
370,asymmetric,0.0,14
371,l_shaped,0.0,15
372,narrow_entry,0.0,9
373,false_feasible,0.0,17
374,straight,0.0,17
375,false_feasible,0.0,14
376,s_shaped,0.0,13
377,l_shaped,0.0,11
378,narrow_exit,0.0,14
379,narrow_exit,0.0,12
380,l_shaped,0.0,15
381,asymmetric,0.0,10
382,l_shaped,0.0,15
383,straight,0.0,12
384,s_shaped,0.0,13
385,l_shaped,0.0,11
386,l_shaped,0.0,14
387,l_shaped,0.0,10
388,straight,0.0,13
389,straight,0.0,9
390,narrow_exit,0.0,12
391,straight,0.0,16
392,l_shaped,0.0,13
393,l_shaped,0.0,14
394,narrow_entry,0.0,9
395,straight,0.0,18
396,l_shaped,0.0,14
397,s_shaped,0.0,11
398,asymmetric,0.0,10
399,narrow_exit,0.0,14
400,straight,0.0,11
401,narrow_exit,0.0,16
402,l_shaped,0.0,13
403,straight,0.0,12
404,l_shaped,0.0,10
405,asymmetric,0.0,12
406,straight,0.0,10
407,straight,0.0,9
408,narrow_exit,0.0,14
409,l_shaped,0.0,11
410,s_shaped,0.0,14
411,straight,0.0,10
412,narrow_entry,0.0,9
413,straight,0.0,12
414,s_shaped,0.0,13
415,narrow_entry,0.0,20
416,straight,0.0,10
417,false_feasible,0.0,13
418,l_shaped,0.0,14
419,false_feasible,0.0,19
420,narrow_entry,0.0,11
421,straight,0.0,9
422,narrow_exit,0.0,12
423,narrow_exit,0.0,10
424,narrow_entry,0.0,17
425,straight,0.0,18
426,s_shaped,0.0,16
427,s_shaped,0.0,13
428,narrow_exit,0.0,9
429,narrow_exit,0.0,9
430,narrow_entry,0.0,14
431,straight,0.0,10
432,narrow_exit,0.0,12
433,l_shaped,0.0,13
434,l_shaped,0.0,11
435,narrow_entry,0.0,11
436,l_shaped,0.0,13
437,l_shaped,0.0,14
438,asymmetric,0.0,15
439,false_feasible,0.0,9
440,false_feasible,0.0,17
441,l_shaped,0.0,12
442,s_shaped,0.0,14
443,straight,0.0,23
444,asymmetric,0.0,14
445,s_shaped,0.0,14
446,narrow_entry,0.0,8
447,narrow_exit,0.0,10
448,straight,0.0,19
449,asymmetric,0.0,10
450,s_shaped,0.0,12
451,s_shaped,0.0,14
452,false_feasible,0.0,10
453,straight,0.0,9
454,straight,0.0,11
455,s_shaped,0.0,14
456,s_shaped,0.0,11
457,l_shaped,0.0,17
458,narrow_exit,0.0,15
459,asymmetric,0.0,16
460,straight,0.0,16
461,asymmetric,0.0,17
462,asymmetric,0.0,18
463,false_feasible,0.0,20
464,narrow_exit,0.0,13
465,asymmetric,0.0,25
466,straight,0.0,21
467,s_shaped,0.0,13
468,narrow_entry,0.0,400
469,s_shaped,0.0,12
470,s_shaped,0.0,13
471,l_shaped,0.0,17
472,s_shaped,0.0,15
473,narrow_entry,0.0,14
474,narrow_entry,0.0,10
475,straight,0.0,15
476,straight,0.0,11
477,asymmetric,0.0,14
478,s_shaped,0.0,13
479,l_shaped,0.0,10
480,narrow_entry,0.0,9
481,asymmetric,0.0,13
482,narrow_entry,0.0,16
483,straight,0.0,13
484,straight,0.0,12
485,s_shaped,0.0,10
486,asymmetric,0.0,16
487,s_shaped,0.0,11
488,straight,0.0,13
489,narrow_exit,0.0,10
490,l_shaped,0.0,13
491,narrow_entry,0.0,14
492,narrow_exit,0.0,11
493,asymmetric,0.0,12
494,asymmetric,0.0,14
495,narrow_exit,0.0,12
496,false_feasible,0.0,9
497,s_shaped,0.0,10
498,narrow_entry,0.0,9
499,false_feasible,0.0,10
